game_title,metacritic_url,metascore,platform,release_date,developer,publisher,genres,steam_url,price,discount,steam_review_summary,steam_review_count,steam_release_date,steam_developer,steam_publisher,steam_tags,match_confidence,is_matched,combined_score,steam_review_score
Disco Elysium: The Final Cut,https://www.metacritic.com/game/disco-elysium-the-final-cut/,97,PC,2021-03-30,,,Western RPG,https://store.steampowered.com/app/632470,P829.95,0%,Very Positive,971,2019-10-15,ZA/UM,,"RPG, Story Rich, Choices Matter, Detective, Isometric, Atmospheric, Singleplayer, Point & Click, CRPG, Noir, Political, Surreal, Visual Novel, Exploration, Funny, Indie, Adventure, Open World, Character Customization, Sexual Content",0.9473684210526315,True,,
Half-Life 2,https://www.metacritic.com/game/half-life-2/,96,PC,2004-11-16,Valve Software,VU Games,FPS,https://store.steampowered.com/app/220,P335.00,0%,Overwhelmingly Positive,"1,377",2004-11-16,Valve,,"FPS, Action, Sci-fi, Classic, Singleplayer, Story Rich, Shooter, First-Person, Adventure, Dystopian, Atmospheric, Zombies, Silent Protagonist, Physics, Aliens, Great Soundtrack, Horror, Multiplayer, Puzzle, Moddable",0.8578947368421053,True,,
Half-Life,https://www.metacritic.com/game/half-life/,96,PC,1998-11-19,Valve Software,Sierra Entertainment,FPS,https://store.steampowered.com/app/220,P335.00,0%,Overwhelmingly Positive,"1,377",2004-11-16,Valve,,"FPS, Action, Sci-fi, Classic, Singleplayer, Story Rich, Shooter, First-Person, Adventure, Dystopian, Atmospheric, Zombies, Silent Protagonist, Physics, Aliens, Great Soundtrack, Horror, Multiplayer, Puzzle, Moddable",0.7878947368421052,True,,
Persona 5 Royal,https://www.metacritic.com/game/persona-5-royal/,95,PC,2022-10-21,Atlus,Atlus,JRPG,https://store.steampowered.com/app/1687950,"P3,195.00",0%,Very Positive,"1,528",2022-10-20,ATLUS,SEGA,"JRPG, Story Rich, Great Soundtrack, Turn-Based Combat, Anime, RPG, Singleplayer, Dating Sim, Party-Based RPG, Multiple Endings, Turn-Based Strategy, Emotional, Visual Novel, Sexual Content, Colorful, Adventure, Heist, Soundtrack, Detective, Violent",1.0,True,,
Sid Meier's Civilization II,https://www.metacritic.com/game/sid-meiers-civilization-ii/,94,PC,1996-02-29,,MicroProse,4X Strategy,https://store.steampowered.com/app/1295660,"P2,920.00",0%,Mixed,"1,199",2025-02-10,Firaxis Games,2K,"Grand Strategy, Historical, 4X, Diplomacy, Military, Simulation, Multiplayer, Economy, War, Strategy, Turn-Based Tactics, City Builder, Tactical, Alternate History, Singleplayer, Hex Grid, Political Sim, Stylized, Turn-Based Strategy, PvP",0.9818181818181818,True,,
The Elder Scrolls IV: Oblivion,https://www.metacritic.com/game/the-elder-scrolls-iv-oblivion/,94,PC,2006-03-20,Bethesda Game Studios,2K Games,Western RPG,https://store.steampowered.com/app/22320,P499.95,0%,Overwhelmingly Positive,303,2002-04-29,Bethesda Game Studios,Bethesda Softworks,"RPG, Open World, Fantasy, Classic, Great Soundtrack, Moddable, Singleplayer, First-Person, Adventure, Cult Classic, Atmospheric, Magic, Exploration, Story Rich, Sandbox, Character Customization, Action RPG, Medieval, Action, Third Person",0.7136363636363636,True,,
Sid Meier's Civilization IV,https://www.metacritic.com/game/sid-meiers-civilization-iv/,94,PC,2005-10-25,Firaxis Games,2K Games,4X Strategy,https://store.steampowered.com/app/3900,P499.95,-80%,Very Positive,20,2005-10-25,Firaxis Games,2K,"Strategy, Turn-Based Strategy, Turn-Based, 4X, Historical, Multiplayer, Singleplayer, Moddable, Grand Strategy, Classic, Addictive, Replay Value, Simulation, Resource Management, War, Great Soundtrack, Economy, Tactical, Management, Local Multiplayer",0.9872727272727273,True,,
Half-Life: Alyx,https://www.metacritic.com/game/half-life-alyx/,93,PC,2020-03-23,Valve Software,Valve Software,FPS,https://store.steampowered.com/app/546560,"P1,670.00",0%,Overwhelmingly Positive,405,2020-03-23,Valve,,"VR, FPS, Story Rich, Horror, Female Protagonist, Shooter, Singleplayer, First-Person, Action, Sci-fi, Atmospheric, Zombies, Beautiful, Aliens, Adventure, Futuristic, Psychological Horror, Memes, Great Soundtrack, Gore",0.8578947368421053,True,,
Divinity: Original Sin II,https://www.metacritic.com/game/divinity-original-sin-ii/,93,PC,2017-09-14,Larian Studios Games,Larian Studios Games,Western RPG,https://store.steampowered.com/app/435150,"P1,239.95",0%,Very Positive,660,2017-09-14,Larian Studios,,"Tactical RPG, RPG, Turn-Based Strategy, Story Rich, Fantasy, Character Customization, CRPG, Exploration, Party-Based RPG, Strategy RPG, PvP, Female Protagonist, Co-op Campaign, Local Co-Op, Choices Matter, Isometric, Romance, Strategy, Moddable, Funny",0.7470588235294118,True,,
Red Dead Redemption 2,https://www.metacritic.com/game/red-dead-redemption-2/,93,PC,2019-11-05,Rockstar Games,Rockstar Games,Open-World Action,https://store.steampowered.com/app/1174180,P849.75,-75%,Very Positive,"10,703",2019-12-05,Rockstar Games,,"Open World, Story Rich, Western, Adventure, Multiplayer, Action, Realistic, Singleplayer, Shooter, Atmospheric, Horses, Beautiful, Mature, Third-Person Shooter, Great Soundtrack, Third Person, Gore, Sandbox, First-Person, FPS",1.0,True,,
Star Wars: Knights of the Old Republic,https://www.metacritic.com/game/star-wars-knights-of-the-old-republic/,93,PC,2003-11-18,BioWare,LucasArts,Western RPG,https://store.steampowered.com/app/32370,P335.00,0%,Very Positive,191,2003-11-19,BioWare,LucasArts,"RPG, Sci-fi, Story Rich, Singleplayer, Classic, Adventure, Party-Based RPG, Real-Time with Pause, Choices Matter, Third Person, Action, Space, Exploration, Fantasy, Atmospheric, Turn-Based, Great Soundtrack, Moddable, Female Protagonist, Open World",0.9727272727272727,True,,
Call of Duty 4: Modern Warfare,https://www.metacritic.com/game/call-of-duty-4-modern-warfare/,92,PC,2007-11-05,Infinity Ward,Activision,FPS,https://store.steampowered.com/app/7940,"P1,200.00",0%,Very Positive,124,2007-11-12,Infinity Ward,Activision,"FPS, Action, Multiplayer, Shooter, Singleplayer, First-Person, Classic, Military, War, PvP, Story Rich, Great Soundtrack, Linear, Modern, Co-op, Controller, Atmospheric, Moddable, Competitive, Zombies",0.9086956521739129,True,,
Street Fighter 6,https://www.metacritic.com/game/street-fighter-6/,92,PC,2023-06-02,Capcom,Capcom,2D Fighting,https://store.steampowered.com/app/21660,,0%,Mixed,473,2009-07-07,Capcom,,"Fighting, Action, Arcade, Local Multiplayer, Multiplayer, 2D Fighter, 2.5D, Beat 'em up, Competitive, 2D, Anime",0.9176470588235293,True,,
Team Fortress 2,https://www.metacritic.com/game/team-fortress-2/,92,PC,2007-10-10,Valve Software,Valve Software,Tactical FPS,https://store.steampowered.com/app/440,Free To Play,0%,Overwhelmingly Positive,"7,894",2007-10-10,Valve,,"Free to Play, Hero Shooter, Multiplayer, FPS, Shooter, Action, Class-Based, Team-Based, Funny, First-Person, Online Co-Op, Competitive, Cartoony, Trading, Co-op, Comedy, Robots, Tactical, Cartoon, Crafting",0.8578947368421053,True,,
System Shock 2,https://www.metacritic.com/game/system-shock-2/,92,PC,1999-08-11,,,Survival,https://store.steampowered.com/app/238210,P319.95,0%,Very Positive,24,1999-08-11,Nightdive Studios,,"Cyberpunk, RPG, Horror, Sci-fi, Classic, FPS, Immersive Sim, Survival Horror, Cult Classic, Action, First-Person, Space, Story Rich, Atmospheric, Great Soundtrack, Singleplayer, Inventory Management, Co-op, Shooter, Survival",0.717948717948718,True,,
Tom Clancy's Splinter Cell: Chaos Theory,https://www.metacritic.com/game/tom-clancys-splinter-cell-chaos-theory/,92,PC,2005-03-28,Ubisoft Montreal,Ubisoft,Action Adventure,https://store.steampowered.com/app/13570,P380.00,-8%,Very Positive,44,2005-03-29,Ubisoft Montreal,,"Stealth, Action, Third Person, Classic, Co-op, Great Soundtrack, Atmospheric, Singleplayer, Tactical, Immersive, Multiplayer, Shooter, Story Rich, Controller, Third-Person Shooter, Adventure, Strategy, Local Co-Op",0.9824999999999999,True,,
Out of the Park Baseball 17,https://www.metacritic.com/game/out-of-the-park-baseball-17/,92,PC,2016-03-22,Out Of The Park Developments,Out Of The Park Developments,Baseball Sim,https://store.steampowered.com/app/3116890,"P1,400.00",0%,Mostly Positive,41,2025-03-14,Out of the Park Developments,,"Simulation, Sports, Strategy, Card Battler, Management, Sandbox, 2D, 3D, America, Family Friendly, Historical, Tactical, PvP, Choices Matter, Resource Management, Baseball, Trading, Multiplayer, Competitive, Singleplayer",0.9481481481481482,True,,
Against the Storm,https://www.metacritic.com/game/against-the-storm/,91,PC,2023-12-08,,Hooded Horse,Management,https://store.steampowered.com/app/1336490,P459.92,-50%,Very Positive,267,2023-12-08,Eremite Games,Hooded Horse,"Strategy, Simulation, City Builder, Base Building, Colony Sim, Management, Building, Resource Management, Roguelike, Survival, Dark Fantasy, Sandbox, Real-Time with Pause, Open World, Singleplayer, Moddable, RTS, Economy, Replay Value, Automation",1.0,True,,
Microsoft Flight Simulator,https://www.metacritic.com/game/microsoft-flight-simulator/,91,PC,2020-08-18,Asobo Studio,Xbox Game Studios,Aircraft Sim,https://store.steampowered.com/app/2537590,"P3,699.00",0%,Mixed,549,2024-11-19,Asobo Studio,Xbox Game Studios,"Simulation, Flight, Realistic, VR, Multiplayer, Hobby Sim, Singleplayer, Atmospheric, Family Friendly, Exploration, Sandbox, Nature, Relaxing, Open World, Nonlinear, Immersive Sim, Character Customization, Physics, Colorful, Psychological Horror",0.93859649122807,True,,
I Was a Teenage Exocolonist,https://www.metacritic.com/game/i-was-a-teenage-exocolonist/,91,PC,2022-08-25,,Finji,Card Battle,https://store.steampowered.com/app/1148760,P765.00,0%,Very Positive,53,2022-08-25,Northway Games,Finji,"Choices Matter, Life Sim, Deckbuilding, Visual Novel, RPG, Choose Your Own Adventure, Story Rich, Dating Sim, Singleplayer, Interactive Fiction, Sci-fi, Multiple Endings, Card Game, Simulation, Futuristic, Indie, Management, LGBTQ+, Hand-drawn, Turn-Based",1.0,True,,
Tom Clancy's Splinter Cell,https://www.metacritic.com/game/tom-clancys-splinter-cell/,91,PC,2003-02-19,Ubisoft Montreal,Ubisoft,Action Adventure,https://store.steampowered.com/app/13560,"P1,100.00",-75%,Mostly Positive,38,2003-02-18,Ubisoft,,"Stealth, Action, Third Person, Classic, Singleplayer, Shooter, Third-Person Shooter, Adventure, Multiplayer, Atmospheric, Difficult, Controller, Tactical, Co-op, Strategy",0.8694011484823625,True,,
Forza Horizon 5,https://www.metacritic.com/game/forza-horizon-5/,91,PC,2021-11-09,Playground Games,Xbox Game Studios,Auto Racing Sim,https://store.steampowered.com/app/1551360,"P2,999.00",0%,Very Positive,"4,603",2021-11-08,Playground Games,Xbox Game Studios,"Racing, Open World, Driving, Multiplayer, Automobile Sim, Realistic, Simulation, Adventure, Arcade, Exploration, First-Person, Co-op, Online Co-Op, Sports, Atmospheric, PvP, Singleplayer, Beautiful, VR, Action",1.0,True,,
The Longest Journey,https://www.metacritic.com/game/the-longest-journey/,91,PC,2000-11-16,Funcom,Funcom,Point-and-Click,https://store.steampowered.com/app/6310,P335.00,0%,Very Positive,"1,754",2000-11-17,Funcom,,"Adventure, Point & Click, Story Rich, Female Protagonist, Classic, Fantasy, Sci-fi, Singleplayer, Cult Classic, Puzzle, Great Soundtrack, 1990's, Funny, Retro, Futuristic, Remake, Atmospheric, Third Person, Cyberpunk, Comedy",1.0,True,,
Tony Hawk's Pro Skater 2,https://www.metacritic.com/game/tony-hawks-pro-skater-2/,91,PC,2000-10-25,,Activision,Skating,https://store.steampowered.com/app/2395210,"P1,944.99",0%,Very Positive,92,2023-10-03,Vicarious Visions,Activision,"Sports, Skateboarding, Multiplayer, Singleplayer, Arcade, Co-op, Character Customization, Third Person, 3D, Soundtrack, Music, Remake, Great Soundtrack",0.8888888888888888,True,,
Star Wars Jedi Knight: Dark Forces II,https://www.metacritic.com/game/star-wars-jedi-knight-dark-forces-ii/,91,PC,1997-10-09,LucasArts,LucasArts,FPS,https://store.steampowered.com/app/32380,P209.95,0%,Very Positive,12,1997-10-09,LucasArts,Lucasfilm,"Action, FPS, Classic, Sci-fi, Third Person, Singleplayer, First-Person, Shooter, Multiplayer, Space, Adventure, Great Soundtrack, FMV, Retro, 1990's, Boomer Shooter, Story Rich",0.9906666666666666,True,,
Crusader Kings III,https://www.metacritic.com/game/crusader-kings-iii/,91,PC,2020-09-01,Paradox Interactive,Paradox Interactive,Real-Time Strategy,https://store.steampowered.com/app/1158310,"P1,999.00",0%,Mostly Positive,"1,326",2020-09-01,Paradox Development Studio,Paradox Interactive,"Strategy, Medieval, Grand Strategy, Simulation, RPG, Historical, Management, Character Customization, Life Sim, Sandbox, RTS, Choices Matter, War, Singleplayer, Economy, Political, 4X, Moddable, Multiplayer, Real-Time with Pause",0.86,True,,
Street Fighter IV,https://www.metacritic.com/game/street-fighter-iv/,91,PC,2009-07-01,Capcom,Capcom,2D Fighting,https://store.steampowered.com/app/21660,,0%,Mixed,473,2009-07-07,Capcom,,"Fighting, Action, Arcade, Local Multiplayer, Multiplayer, 2D Fighter, 2.5D, Beat 'em up, Competitive, 2D, Anime",0.98,True,,
Dragon Age: Origins,https://www.metacritic.com/game/dragon-age-origins/,91,PC,2009-11-03,BioWare,Electronic Arts,Western RPG,https://store.steampowered.com/app/47810,"P1,299.00",0%,Mostly Positive,185,2010-10-26,BioWare,Electronic Arts,"RPG, Fantasy, Story Rich, Choices Matter, Singleplayer, Party-Based RPG, Real-Time with Pause, Character Customization, Mature, Adventure, Multiple Endings, Dark Fantasy, Well-Written, Strategy, Dragons, Female Protagonist, Classic, Open World, Tactical, Moddable",0.7666666666666666,True,,
Caves of Qud,https://www.metacritic.com/game/caves-of-qud/,91,PC,2024-12-05,,Kitfox Games,Roguelike,https://store.steampowered.com/app/333640,P900.00,-8%,Very Positive,110,2024-12-05,Freehold Games,Kitfox Games,"Procedural Generation, Turn-Based Combat, Open World, Turn-Based, Transhumanism, Sci-fi, Replay Value, Traditional Roguelike, Roguelike, Story Rich, RPG, Character Customization, Survival, Pixel Graphics, Atmospheric, CRPG, Difficult, Moddable, Singleplayer, Choices Matter",1.0,True,,
Dark Souls II,https://www.metacritic.com/game/dark-souls-ii/,91,PC,2014-04-25,From Software,Namco Bandai Games,Action RPG,https://store.steampowered.com/app/374320,"P2,100.00",0%,Very Positive,"2,294",2016-04-11,"FromSoftware, Inc.",Bandai Namco Entertainment,"Souls-like, Dark Fantasy, Difficult, RPG, Atmospheric, Lore-Rich, Third Person, Exploration, Story Rich, Action RPG, Co-op, Great Soundtrack, Adventure, Action, Multiplayer, PvP, Open World, Singleplayer, Character Customization, Replay Value",0.8822580645161291,True,,
World of Goo,https://www.metacritic.com/game/world-of-goo/,90,PC,2008-10-12,,,Action Puzzle,https://store.steampowered.com/app/3385670,P910.00,0%,Very Positive,356,2025-04-25,2D BOY,,"Physics, Puzzle, Building, Casual, 2D, Cute, Colorful, Atmospheric, Family Friendly, Adventure, Comedy, Cartoon, Old School, Co-op, Local Co-Op, Local Multiplayer, Indie, Singleplayer, Multiplayer",0.9230769230769231,True,,
Slay the Princess,https://www.metacritic.com/game/slay-the-princess/,90,PC,2023-10-23,,,Visual Novel,https://store.steampowered.com/app/646570,P780.00,0%,Overwhelmingly Positive,"1,724",2019-01-23,Mega Crit,,"Roguelike Deckbuilder, Card Game, Card Battler, Roguelike, Deckbuilding, Turn-Based, Strategy, Singleplayer, Roguelite, Replay Value, Indie, Difficult, Dungeon Crawler, RPG, Mouse only, 2D, Great Soundtrack, Procedural Generation, Fantasy, Casual",0.7741935483870968,True,,
Black & White,https://www.metacritic.com/game/black-and-white/,90,PC,2001-03-26,,EA Games,Real-Time Strategy,https://store.steampowered.com/app/879430,P35.95,0%,Positive,27,2018-07-21,Koruka,,"Indie, Casual",0.7428571428571429,True,,
Tony Hawk's Pro Skater 3,https://www.metacritic.com/game/tony-hawks-pro-skater-3/,90,PC,2002-03-28,,Activision,Skating,https://store.steampowered.com/app/2545710,"P3,000.00",0%,,,2025-07-10,Iron Galaxy Studios,Activision,"Sports, Skateboarding, Music, Arcade, Character Customization, 3D Platformer, Third Person, Singleplayer, 3D, Multiplayer",0.8888888888888888,True,,
Stephen's Sausage Roll,https://www.metacritic.com/game/stephens-sausage-roll/,90,PC,2016-04-18,,,Action Puzzle,https://store.steampowered.com/app/353540,P910.00,0%,Very Positive,28,2016-04-18,increpare games,,"Puzzle, Indie, Difficult, Singleplayer, Sokoban, Psychological Horror, Cooking, Top-Down, Pixel Graphics, 3D",1.0,True,,
Sid Meier's Civilization III,https://www.metacritic.com/game/sid-meiers-civilization-iii/,90,PC,2001-10-30,Firaxis Games,Infogrames,4X Strategy,https://store.steampowered.com/app/1295660,"P2,920.00",0%,Mixed,"1,199",2025-02-10,Firaxis Games,2K,"Grand Strategy, Historical, 4X, Diplomacy, Military, Simulation, Multiplayer, Economy, War, Strategy, Turn-Based Tactics, City Builder, Tactical, Alternate History, Singleplayer, Hex Grid, Political Sim, Stylized, Turn-Based Strategy, PvP",0.9749999999999999,True,,
Ghost Trick: Phantom Detective,https://www.metacritic.com/game/ghost-trick-phantom-detective/,90,PC,2023-06-30,Capcom,Capcom,Adventure,https://store.steampowered.com/app/1967430,"P1,619.00",0%,Very Positive,83,2023-06-29,"CAPCOM Co., Ltd.",Ace Attorney,"Puzzle, Adventure, Mystery, Story Rich, Action, Detective, Singleplayer, Action-Adventure, Anime, Visual Novel, Great Soundtrack, Point & Click, Supernatural, Cult Classic, Funny, Classic, Atmospheric, Comedy",0.8636363636363635,True,,
Hi-Fi Rush,https://www.metacritic.com/game/hi-fi-rush/,90,PC,2023-01-25,,Bethesda Softworks,Action Adventure,https://store.steampowered.com/app/1817230,P925.00,0%,Very Positive,74,2023-01-25,Tango Gameworks,Bethesda Softworks,"Rhythm, Action, Hack and Slash, Great Soundtrack, Singleplayer, Cartoony, Action-Adventure, Music, Platformer, Character Action Game, Colorful, Spectacle fighter, Comedy, Stylized, Beat 'em up, Anime, Cyberpunk, Third Person, Robots, Adventure",1.0,True,,
Silent Hunter III,https://www.metacritic.com/game/silent-hunter-iii/,90,PC,2005-03-15,Ubisoft,Ubisoft,Marine Combat Sim,https://store.steampowered.com/app/15210,P45.00,-75%,Very Positive,10,2005-03-15,Ubisoft,,"Naval Combat, Simulation, Submarine, World War II, Naval, Military, Historical, Underwater, Open World, Realistic, Singleplayer, Multiplayer, Action, Strategy, Classic, War",0.98,True,,
DAVE THE DIVER,https://www.metacritic.com/game/dave-the-diver/,90,PC,2023-06-28,,,Action Adventure,https://store.steampowered.com/app/1868140,P615.00,0%,Very Positive,"1,445",2023-06-28,MINTROCKET,,"Pixel Graphics, Casual, Management, Adventure, Relaxing, Exploration, RPG, Fishing, Underwater, Simulation, Singleplayer, Farming Sim, Roguelite, Story Rich, 2D, Crafting, Funny, Agriculture, Action, Indie",1.0,True,,
Sid Meier's Civilization V,https://www.metacritic.com/game/sid-meiers-civilization-v/,90,PC,2010-09-21,Firaxis Games,2K Games,4X Strategy,https://store.steampowered.com/app/8930,"P3,507.25",-75%,Very Positive,292,2010-09-23,Firaxis Games,2K,"Turn-Based Strategy, Strategy, Turn-Based, Multiplayer, Historical, 4X, Addictive, Singleplayer, Hex Grid, Grand Strategy, Replay Value, Co-op, Economy, Tactical, Diplomacy, Moddable, Simulation, Classic, Great Soundtrack, Touch-Friendly",0.9867924528301886,True,,
The Stanley Parable: Ultra Deluxe,https://www.metacritic.com/game/the-stanley-parable-ultra-deluxe/,90,PC,2022-04-27,Crows Crows Crows,Crows Crows Crows,First-Person Adventure,https://store.steampowered.com/app/1703340,P549.95,0%,Very Positive,376,2022-04-27,Crows Crows Crows,,"Multiple Endings, Choices Matter, Comedy, Walking Simulator, Narration, First-Person, Singleplayer, Funny, Psychological Horror, Exploration, 3D, Story Rich, Adventure, Casual, Mystery, Emotional, Dark Humor, Atmospheric, Horror, Game Development",1.0,True,,
Brothers: A Tale of Two Sons,https://www.metacritic.com/game/brothers-a-tale-of-two-sons/,90,PC,2013-09-03,Starbreeze,505 Games,Linear Action Adventure,https://store.steampowered.com/app/225080,P419.95,0%,Very Positive,55,2013-09-03,Starbreeze Studios AB,505 Games,"Adventure, Atmospheric, Story Rich, Controller, Indie, Emotional, Puzzle, Short, Fantasy, Singleplayer, Beautiful, Great Soundtrack, Local Co-Op, Multiplayer, Action, Platformer, Third Person, Casual, Walking Simulator, 3D Vision",0.8567062818336162,True,,
Guild Wars 2,https://www.metacritic.com/game/guild-wars-2/,90,PC,2012-08-28,,NCSOFT,MMORPG,https://store.steampowered.com/app/1284210,Free To Play,0%,Very Positive,378,2022-08-23,ArenaNet®,,"MMORPG, Adventure, RPG, Character Customization, Free to Play, Fantasy, Third Person, 3D, Massively Multiplayer, PvP, Atmospheric, Class-Based, Combat, Multiplayer, Strategy, Crafting, Online Co-Op, Exploration, Story Rich, Singleplayer",1.0,True,,
Into the Breach,https://www.metacritic.com/game/into-the-breach/,90,PC,2018-02-27,,,Turn-Based Tactics,https://store.steampowered.com/app/590380,P389.95,0%,Very Positive,104,2018-02-27,Subset Games,,"Strategy, Turn-Based Strategy, Indie, Pixel Graphics, Turn-Based Tactics, Mechs, Roguelike, Turn-Based, Puzzle, Roguelite, Sci-fi, Singleplayer, Turn-Based Combat, Tactical, Isometric, RPG, Replay Value, Simulation, Procedural Generation, Great Soundtrack",1.0,True,,
Chicory: A Colorful Tale,https://www.metacritic.com/game/chicory-a-colorful-tale/,90,PC,2021-06-10,Greg Lobanov,Finji,Adventure,https://store.steampowered.com/app/1123450,P615.00,0%,Very Positive,38,2021-06-10,Wishes Ultd.,Finji,"Indie, Adventure, RPG, Cute, Great Soundtrack, Colorful, Emotional, Story Rich, Puzzle, Relaxing, Local Co-Op, Funny, Singleplayer, 2D, LGBTQ+, Metroidvania, Co-op, Casual, Family Friendly, Psychological Horror",0.7749999999999999,True,,
Total War: Shogun 2,https://www.metacritic.com/game/total-war-shogun-2/,90,PC,2011-03-15,Creative Assembly,Sega,Turn-Based Strategy,https://store.steampowered.com/app/34330,P994.95,0%,Very Positive,199,2011-03-15,CREATIVE ASSEMBLY,SEGA,"Strategy, Historical, Turn-Based Strategy, RTS, Grand Strategy, Tactical, Singleplayer, Multiplayer, Real Time Tactics, Military, Diplomacy, Ninja, Co-op, Turn-Based, Medieval, Great Soundtrack, Moddable, Turn-Based Tactics, Action, Stylized",1.0,True,,
The Legend of Heroes: Trails from Zero,https://www.metacritic.com/game/the-legend-of-heroes-trails-from-zero/,90,PC,2022-09-27,Falcom,NIS America,JRPG,https://store.steampowered.com/app/1668510,"P1,619.00",0%,Very Positive,12,2022-09-27,Nihon Falcom,"NIS America, Inc.","RPG, JRPG, Story Rich, Turn-Based Combat, Anime, Great Soundtrack, Singleplayer, Fantasy, Romance",0.8999999999999999,True,,
Command & Conquer: Red Alert,https://www.metacritic.com/game/command-and-conquer-red-alert/,90,PC,1996-11-22,,,Command RTS,https://store.steampowered.com/app/17480,"P1,320.00",0%,Mostly Positive,82,2008-10-28,EA Los Angeles,Electronic Arts,"Family Friendly, Level Editor, Strategy, RTS, Action, Multiplayer, Co-op, Singleplayer, Base Building, Online Co-Op, Alternate History, War, Real-Time, Sci-fi, Co-op Campaign, Classic, Great Soundtrack, Comedy, FMV, Atmospheric",0.9152542372881356,True,,
Alan Wake II,https://www.metacritic.com/game/alan-wake-ii/,89,PC,2023-10-27,Remedy Entertainment,Epic Games,Survival,https://store.steampowered.com/app/108710,P485.00,0%,Very Positive,187,2012-02-16,Remedy Entertainment,,"Action, Horror, Third Person, Adventure, Story Rich, Thriller, Atmospheric, Singleplayer, Psychological Horror, Great Soundtrack, Mystery, Episodic, Third-Person Shooter, Dark, Supernatural, Cinematic, Survival Horror, Narration, Shooter, Survival",0.8999999999999999,True,,
Star Wars Jedi Knight II: Jedi Outcast,https://www.metacritic.com/game/star-wars-jedi-knight-ii-jedi-outcast/,89,PC,2002-03-26,,Activision,Linear Action Adventure,https://store.steampowered.com/app/6030,P335.00,0%,Very Positive,32,2003-09-16,Raven Software,LucasArts,"Action, Classic, Sci-fi, FPS, Multiplayer, Third Person, Singleplayer, Shooter, Story Rich, Adventure, Third-Person Shooter, First-Person, Cult Classic, Great Soundtrack, Swordplay, Space, Atmospheric, Moddable, Local Multiplayer, Hack and Slash",0.9367088607594937,True,,
Dark Souls III,https://www.metacritic.com/game/dark-souls-iii/,89,PC,2016-04-11,From Software,Bandai Namco Games,Action RPG,https://store.steampowered.com/app/374320,"P2,100.00",0%,Very Positive,"2,294",2016-04-11,"FromSoftware, Inc.",Bandai Namco Entertainment,"Souls-like, Dark Fantasy, Difficult, RPG, Atmospheric, Lore-Rich, Third Person, Exploration, Story Rich, Action RPG, Co-op, Great Soundtrack, Adventure, Action, Multiplayer, PvP, Open World, Singleplayer, Character Customization, Replay Value",0.9081201334816462,True,,
Pillars of Eternity,https://www.metacritic.com/game/pillars-of-eternity/,89,PC,2015-03-26,Obsidian Entertainment,Paradox Interactive,Western RPG,https://store.steampowered.com/app/291650,P759.95,0%,Very Positive,83,2015-03-26,Obsidian Entertainment,Xbox Game Studios,"RPG, Isometric, Fantasy, Story Rich, Singleplayer, CRPG, Party-Based RPG, Real-Time with Pause, Adventure, Kickstarter, Character Customization, Atmospheric, Dark Fantasy, Open World, Exploration, Classic, Great Soundtrack, Strategy, Indie, Crowdfunded",1.0,True,,
The Talos Principle: Reawakened,https://www.metacritic.com/game/the-talos-principle-reawakened/,89,PC,2025-04-10,Croteam,Devolver Digital,First-Person Adventure,https://store.steampowered.com/app/2806640,"P1,100.00",0%,Very Positive,163,2025-04-10,Croteam,Devolver Digital,"Puzzle, First-Person, Philosophical, Adventure, Atmospheric, Lore-Rich, Exploration, Post-apocalyptic, 3D, FPS, Realistic, Third Person, Dystopian, Futuristic, Investigation, Logic, Robots, Sci-fi, Artificial Intelligence, Controller",1.0,True,,
Thank Goodness You're Here!,https://www.metacritic.com/game/thank-goodness-youre-here/,89,PC,2024-08-01,,Panic Inc.,Adventure,https://store.steampowered.com/app/2366980,P625.00,0%,Very Positive,103,2024-08-01,Coal Supper,Panic,"Adventure, Comedy, Funny, Hand-drawn, Exploration, Casual, 2D Platformer, Platformer, Indie, 2D, Short, Side Scroller, Cartoon, Colorful, Singleplayer, Cartoony, Open World, Puzzle, Cinematic, Puzzle Platformer",1.0,True,,
There is no game : Wrong dimension,https://www.metacritic.com/game/there-is-no-game-wrong-dimension/,89,PC,2020-08-06,Draw Me A Pixel,Draw Me A Pixel,Point-and-Click,https://store.steampowered.com/app/1240210,P369.95,0%,Overwhelmingly Positive,125,2020-08-06,Draw Me A Pixel,,"Indie, Adventure, Point & Click, Puzzle, Pixel Graphics, Casual, Funny, Comedy, Story Rich, Singleplayer, 2D, Narration, Parody, Romance, Interactive Fiction, Great Soundtrack, Simulation, Remake, RPG, Action",0.9895522388059701,True,,
Slay the Spire,https://www.metacritic.com/game/slay-the-spire/,89,PC,2019-01-23,Mega Crit Games,Mega Crit Games,Card Battle,https://store.steampowered.com/app/646570,P780.00,0%,Overwhelmingly Positive,"1,724",2019-01-23,Mega Crit,,"Roguelike Deckbuilder, Card Game, Card Battler, Roguelike, Deckbuilding, Turn-Based, Strategy, Singleplayer, Roguelite, Replay Value, Indie, Difficult, Dungeon Crawler, RPG, Mouse only, 2D, Great Soundtrack, Procedural Generation, Fantasy, Casual",0.9249999999999999,True,,
Left 4 Dead,https://www.metacritic.com/game/left-4-dead/,89,PC,2008-11-17,,Electronic Arts,FPS,https://store.steampowered.com/app/550,P335.00,0%,Overwhelmingly Positive,"5,223",2009-11-16,Valve,,"Zombies, Co-op, FPS, Multiplayer, Shooter, Online Co-Op, Action, Survival, Horror, First-Person, Gore, Team-Based, Moddable, Survival Horror, Post-apocalyptic, Singleplayer, Adventure, Local Co-Op, Replay Value, Tactical",0.9166666666666666,True,,
Left 4 Dead 2,https://www.metacritic.com/game/left-4-dead-2/,89,PC,2009-11-16,Valve Software,Electronic Arts,Tactical FPS,https://store.steampowered.com/app/550,P335.00,0%,Overwhelmingly Positive,"5,223",2009-11-16,Valve,,"Zombies, Co-op, FPS, Multiplayer, Shooter, Online Co-Op, Action, Survival, Horror, First-Person, Gore, Team-Based, Moddable, Survival Horror, Post-apocalyptic, Singleplayer, Adventure, Local Co-Op, Replay Value, Tactical",0.8578947368421053,True,,
Guild Wars,https://www.metacritic.com/game/guild-wars/,89,PC,2005-04-26,,NCSOFT,Compilation,https://store.steampowered.com/app/1284210,Free To Play,0%,Very Positive,378,2022-08-23,ArenaNet®,,"MMORPG, Adventure, RPG, Character Customization, Free to Play, Fantasy, Third Person, 3D, Massively Multiplayer, PvP, Atmospheric, Class-Based, Combat, Multiplayer, Strategy, Crafting, Online Co-Op, Exploration, Story Rich, Singleplayer",0.9090909090909091,True,,
Out of the Park Baseball 15,https://www.metacritic.com/game/out-of-the-park-baseball-15/,89,PC,2014-04-21,,,Baseball Sim,https://store.steampowered.com/app/3116890,"P1,400.00",0%,Mostly Positive,41,2025-03-14,Out of the Park Developments,,"Simulation, Sports, Strategy, Card Battler, Management, Sandbox, 2D, 3D, America, Family Friendly, Historical, Tactical, PvP, Choices Matter, Resource Management, Baseball, Trading, Multiplayer, Competitive, Singleplayer",0.9259259259259259,True,,
The Curse of Monkey Island,https://www.metacritic.com/game/the-curse-of-monkey-island/,89,PC,1997-10-31,LucasArts,LucasArts,Point-and-Click,https://store.steampowered.com/app/730820,P239.95,0%,Very Positive,17,1997-10-31,LucasArts,Lucasfilm,"Point & Click, 1990's, Adventure, Cult Classic, Retro, Classic, Remake, Singleplayer, Pirates, Puzzle, Cartoony, Comedy, 2D, Colorful, Atmospheric, Funny, Great Soundtrack, Exploration, Nostalgia, Third Person",1.0,True,,
Persona 3 Reload,https://www.metacritic.com/game/persona-3-reload/,89,PC,2024-02-02,,Sega,JRPG,https://store.steampowered.com/app/2161700,"P2,795.00",0%,Very Positive,872,2024-02-01,ATLUS,SEGA,"JRPG, RPG, Anime, Party-Based RPG, Turn-Based Strategy, Adventure, Dating Sim, Story Rich, Strategy, Dark, Emotional, Visual Novel, Strategy RPG, Great Soundtrack, Turn-Based Combat, Colorful, Mystery, Supernatural, Detective, Multiple Endings",1.0,True,,
It Takes Two,https://www.metacritic.com/game/it-takes-two/,89,PC,2021-03-26,,Electronic Arts,Linear Action Adventure,https://store.steampowered.com/app/1426210,"P1,799.00",0%,Overwhelmingly Positive,"2,168",2021-03-25,Hazelight Studios,Electronic Arts,"Co-op, Multiplayer, Split Screen, Local Co-Op, Puzzle, Online Co-Op, Adventure, Story Rich, Co-op Campaign, Local Multiplayer, Puzzle Platformer, Action-Adventure, 3D Platformer, Emotional, Platformer, Action, Exploration, Atmospheric, Minigames, Female Protagonist",1.0,True,,
Return of the Obra Dinn,https://www.metacritic.com/game/return-of-the-obra-dinn/,89,PC,2018-10-18,Lucas Pope,3909,First-Person Adventure,https://store.steampowered.com/app/653530,P615.00,-11%,Overwhelmingly Positive,210,2018-10-18,Lucas Pope,3909,"Detective, Mystery, Puzzle, Story Rich, Atmospheric, Singleplayer, Indie, Great Soundtrack, First-Person, Historical, Adventure, Naval, Difficult, Retro, Multiple Endings, Violent, Pirates, Horror, Walking Simulator, Noir",1.0,True,,
Prince of Persia: The Sands of Time,https://www.metacritic.com/game/prince-of-persia-the-sands-of-time/,89,PC,2003-12-02,Ubisoft,Ubisoft,Linear Action Adventure,https://store.steampowered.com/app/13600,P380.00,-7%,Very Positive,64,2003-12-02,Kudosoft,Ubisoft,"Action, Adventure, Parkour, Platformer, Classic, Third Person, Singleplayer, Time Manipulation, Puzzle Platformer, Story Rich, Time Travel, Fantasy, Great Soundtrack, Atmospheric, Hack and Slash, 3D Platformer, Controller, Puzzle, Retro, Action-Adventure",0.8901408450704225,True,,
What Remains of Edith Finch,https://www.metacritic.com/game/what-remains-of-edith-finch/,89,PC,2017-04-24,Giant Sparrow,Annapurna Interactive,First-Person Adventure,https://store.steampowered.com/app/501300,P589.95,0%,Very Positive,404,2017-04-24,Giant Sparrow,Annapurna Interactive,"Story Rich, Atmospheric, Walking Simulator, First-Person, Mystery, Exploration, Adventure, Singleplayer, Female Protagonist, Indie, Great Soundtrack, Narration, Short, Psychological Horror, Drama, Dark, Puzzle, Visual Novel, Horror, Emotional",1.0,True,,
Medieval: Total War,https://www.metacritic.com/game/medieval-total-war/,88,PC,2002-08-19,Creative Assembly,Activision,Real-Time Strategy,https://store.steampowered.com/app/345260,P330.95,0%,Mixed,15,2002-08-20,CREATIVE ASSEMBLY,SEGA,"Strategy, Action, Medieval, Historical, Turn-Based Strategy, RTS, Classic, Grand Strategy, Turn-Based, Singleplayer, Atmospheric, Great Soundtrack, Tactical",0.8115384615384615,True,,
Lorelei and the Laser Eyes,https://www.metacritic.com/game/lorelei-and-the-laser-eyes/,88,PC,2024-05-16,Simogo,Annapurna Interactive,Adventure,https://store.steampowered.com/app/2008920,P724.95,0%,Very Positive,74,2024-05-16,Simogo,Annapurna Interactive,"Adventure, Puzzle, Action, Exploration, Action-Adventure, Horror, Stylized, Mystery, Indie, 3D, Psychological, Dark Fantasy, Female Protagonist, Story Rich, Singleplayer, Noir",1.0,True,,
Grand Theft Auto V,https://www.metacritic.com/game/grand-theft-auto-v/,96,PC,2015-04-13,,Rockstar Games,Open-World Action,,,,,,,,,,0.0,False,,
Baldur's Gate 3,https://www.metacritic.com/game/baldurs-gate-3/,96,PC,2023-08-03,Larian Studios Games,Larian Studios Games,Western RPG,,,,,,,,,,0.0,False,,
The Orange Box,https://www.metacritic.com/game/the-orange-box/,96,PC,2007-10-10,Valve Software,EA Games,Compilation,,,,,,,,,,0.0,False,,
BioShock,https://www.metacritic.com/game/bioshock/,96,PC,2007-08-21,,2K Games,FPS,,,,,,,,,,0.0,False,,
Baldur's Gate II: Shadows of Amn,https://www.metacritic.com/game/baldurs-gate-ii-shadows-of-amn/,95,PC,2000-09-24,BioWare,Interplay,Western RPG,,,,,,,,,,0.0,False,,
Portal 2,https://www.metacritic.com/game/portal-2/,95,PC,2011-04-18,Valve Software,Valve Software,FPS,,,,,,,,,,0.0,False,,
The Elder Scrolls V: Skyrim,https://www.metacritic.com/game/the-elder-scrolls-v-skyrim/,94,PC,2011-11-10,Bethesda Game Studios,Bethesda Softworks,Western RPG,,,,,,,,,,0.0,False,,
Mass Effect 2,https://www.metacritic.com/game/mass-effect-2/,94,PC,2010-01-26,BioWare,Electronic Arts,Western RPG,,,,,,,,,,0.0,False,,
Grand Theft Auto: Vice City,https://www.metacritic.com/game/grand-theft-auto-vice-city/,94,PC,2003-05-12,,Rockstar Games,Open-World Action,,,,,,,,,,0.0,False,,
Quake,https://www.metacritic.com/game/quake/,94,PC,1996-06-22,id Software,id Software,FPS,,,,,,,,,,0.0,False,,
BioShock Infinite,https://www.metacritic.com/game/bioshock-infinite/,94,PC,2013-03-25,,2K Games,FPS,,,,,,,,,,0.0,False,,
Elden Ring,https://www.metacritic.com/game/elden-ring/,94,PC,2022-02-25,From Software,Bandai Namco Games,Action RPG,,,,,,,,,,0.0,False,,
Grim Fandango,https://www.metacritic.com/game/grim-fandango/,94,PC,1998-10-14,LucasArts,LucasArts,Third-Person Adventure,,,,,,,,,,0.0,False,,
Diablo,https://www.metacritic.com/game/diablo/,94,PC,1996-12-31,Blizzard Entertainment,Blizzard Entertainment,Action RPG,,,,,,,,,,0.0,False,,
The Witcher 3: Wild Hunt,https://www.metacritic.com/game/the-witcher-3-wild-hunt/,93,PC,2015-05-18,CD Projekt Red Studio,Warner Bros. Interactive Entertainment,Action RPG,,,,,,,,,,0.0,False,,
Company of Heroes,https://www.metacritic.com/game/company-of-heroes/,93,PC,2006-09-13,Relic Entertainment,THQ,Real-Time Strategy,,,,,,,,,,0.0,False,,
Dwarf Fortress,https://www.metacritic.com/game/dwarf-fortress/,93,PC,2006-08-08,,,Management,,,,,,,,,,0.0,False,,
Unreal Tournament 2004,https://www.metacritic.com/game/unreal-tournament-2004/,93,PC,2004-03-16,Epic Games,Atari SA,FPS,,,,,,,,,,0.0,False,,
Starcraft II: Wings of Liberty,https://www.metacritic.com/game/starcraft-ii-wings-of-liberty/,93,PC,2010-07-27,Blizzard Entertainment,Blizzard Entertainment,Command RTS,,,,,,,,,,0.0,False,,
God of War,https://www.metacritic.com/game/god-of-war/,93,PC,2022-01-14,,Sony Interactive Entertainment,Linear Action Adventure,,,,,,,,,,0.0,False,,
Minecraft,https://www.metacritic.com/game/minecraft/,93,PC,2011-11-18,Mojang AB,Mojang AB,Sandbox,,,,,,,,,,0.0,False,,
Grand Theft Auto III,https://www.metacritic.com/game/grand-theft-auto-iii/,93,PC,2002-05-20,DMA Design,Rockstar Games,Open-World Action,,,,,,,,,,0.0,False,,
Homeworld,https://www.metacritic.com/game/homeworld/,93,PC,1999-08-31,Relic Entertainment,Sierra Entertainment,Command RTS,,,,,,,,,,0.0,False,,
Beat Saber,https://www.metacritic.com/game/beat-saber/,93,PC,2018-05-01,Hyperbolic Magnetism,Beat Games s.r.o.,Rhythm,,,,,,,,,,0.0,False,,
Hades,https://www.metacritic.com/game/hades/,93,PC,2020-09-17,Supergiant Games,Supergiant Games,Roguelike,,,,,,,,,,0.0,False,,
World of Warcraft,https://www.metacritic.com/game/world-of-warcraft/,93,PC,2004-11-23,Blizzard Entertainment,Blizzard Entertainment,MMORPG,,,,,,,,,,0.0,False,,
Grand Theft Auto: San Andreas,https://www.metacritic.com/game/grand-theft-auto-san-andreas/,93,PC,2005-06-07,,Rockstar Games,Open-World Action,,,,,,,,,,0.0,False,,
Warcraft III: Reign of Chaos,https://www.metacritic.com/game/warcraft-iii-reign-of-chaos/,92,PC,2002-07-03,Blizzard Entertainment,Blizzard Entertainment,Real-Time Strategy,,,,,,,,,,0.0,False,,
The Sims,https://www.metacritic.com/game/the-sims/,92,PC,2000-02-04,Maxis,Maxis,Virtual Life,,,,,,,,,,0.0,False,,
Sid Meier's Gettysburg!,https://www.metacritic.com/game/sid-meiers-gettysburg/,92,PC,1997-09-30,Firaxis Games,Electronic Arts,Real-Time Strategy,,,,,,,,,,0.0,False,,
World Soccer Winning Eleven 7 International,https://www.metacritic.com/game/world-soccer-winning-eleven-7-international/,92,PC,2004-04-09,,Konami,Soccer Sim,,,,,,,,,,0.0,False,,
Elden Ring: Shadow of the Erdtree,https://www.metacritic.com/game/elden-ring-shadow-of-the-erdtree/,92,PC,2024-06-21,From Software,Bandai Namco Games,Action RPG,,,,,,,,,,0.0,False,,
Rome: Total War,https://www.metacritic.com/game/rome-total-war/,92,PC,2004-09-22,Creative Assembly,Activision,Real-Time Strategy,,,,,,,,,,0.0,False,,
Blue Prince,https://www.metacritic.com/game/blue-prince/,92,PC,2025-04-10,,Raw Fury,First-Person Adventure,,,,,,,,,,0.0,False,,
Okami HD,https://www.metacritic.com/game/okami-hd/,92,PC,2017-12-12,HexaDrive,Capcom,Action Adventure,,,,,,,,,,0.0,False,,
Undertale,https://www.metacritic.com/game/undertale/,92,PC,2015-09-15,,,JRPG,,,,,,,,,,0.0,False,,
Thief: The Dark Project,https://www.metacritic.com/game/thief-the-dark-project/,92,PC,1998-11-30,,Eidos Interactive,Action Adventure,,,,,,,,,,0.0,False,,
Age of Empires II: The Age of Kings,https://www.metacritic.com/game/age-of-empires-ii-the-age-of-kings/,92,PC,1999-09-30,Ensemble Studios,Microsoft Game Studios,Command RTS,,,,,,,,,,0.0,False,,
Sid Meier's Alpha Centauri,https://www.metacritic.com/game/sid-meiers-alpha-centauri/,92,PC,1999-02-12,Firaxis Games,Electronic Arts,4X Strategy,,,,,,,,,,0.0,False,,
Unreal Tournament (1999),https://www.metacritic.com/game/unreal-tournament-1999/,92,PC,1999-11-30,Epic Games,Infogrames,FPS,,,,,,,,,,0.0,False,,
Galactic Civilizations II: Twilight of the Arnor,https://www.metacritic.com/game/galactic-civilizations-ii-twilight-of-the-arnor/,92,PC,2008-04-30,Stardock,Stardock,4X Strategy,,,,,,,,,,0.0,False,,
Final Fantasy XIV: Endwalker,https://www.metacritic.com/game/final-fantasy-xiv-endwalker/,92,PC,2021-12-07,,Square Enix,MMORPG,,,,,,,,,,0.0,False,,
Metaphor: ReFantazio,https://www.metacritic.com/game/metaphor-refantazio/,92,PC,2024-10-11,,Sega,JRPG,,,,,,,,,,0.0,False,,
The Witcher 3: Wild Hunt - Blood and Wine,https://www.metacritic.com/game/the-witcher-3-wild-hunt-blood-and-wine/,92,PC,2016-05-30,CD Projekt Red Studio,,Action RPG,,,,,,,,,,0.0,False,,
Tiger Woods PGA Tour 2003,https://www.metacritic.com/game/tiger-woods-pga-tour-2003/,92,PC,2002-11-05,EA Sports,EA Sports,Golf Sim,,,,,,,,,,0.0,False,,
UFO 50,https://www.metacritic.com/game/ufo-50/,91,PC,2024-09-18,Mossmouth,Mossmouth,Party,,,,,,,,,,0.0,False,,
Medal of Honor: Allied Assault,https://www.metacritic.com/game/medal-of-honor-allied-assault/,91,PC,2002-01-20,,Electronic Arts,FPS,,,,,,,,,,0.0,False,,
Myth: The Fallen Lords,https://www.metacritic.com/game/myth-the-fallen-lords/,91,PC,1997-10-31,Bungie,Bungie,Real-Time Strategy,,,,,,,,,,0.0,False,,
Dishonored,https://www.metacritic.com/game/dishonored/,91,PC,2012-10-08,Arkane Studios,Bethesda Softworks,Action Adventure,,,,,,,,,,0.0,False,,
World of Warcraft: Wrath of the Lich King,https://www.metacritic.com/game/world-of-warcraft-wrath-of-the-lich-king/,91,PC,2008-11-13,Blizzard Entertainment,Blizzard Entertainment,MMORPG,,,,,,,,,,0.0,False,,
Baldur's Gate,https://www.metacritic.com/game/baldurs-gate/,91,PC,1998-12-21,BioWare,Interplay,Western RPG,,,,,,,,,,0.0,False,,
F1 Challenge '99-'02,https://www.metacritic.com/game/f1-challenge-99-02/,91,PC,2003-06-24,Electronic Arts,Electronic Arts,Auto Racing Sim,,,,,,,,,,0.0,False,,
Overwatch,https://www.metacritic.com/game/overwatch/,91,PC,2016-05-23,Blizzard Entertainment,Blizzard Entertainment,Tactical FPS,,,,,,,,,,0.0,False,,
Chained Echoes,https://www.metacritic.com/game/chained-echoes/,91,PC,2022-12-08,Matthias Linda,DECK13 Spotlight,JRPG,,,,,,,,,,0.0,False,,
Tekken 8,https://www.metacritic.com/game/tekken-8/,91,PC,2024-01-26,Bandai Namco Games,Bandai Namco Games,3D Fighting,,,,,,,,,,0.0,False,,
FreeSpace 2,https://www.metacritic.com/game/freespace-2/,91,PC,1999-09-30,Volition Inc.,Interplay,Space Combat Sim,,,,,,,,,,0.0,False,,
IL-2 Sturmovik,https://www.metacritic.com/game/il-2-sturmovik/,91,PC,2001-11-18,1C Entertainment,Ubisoft,Aircraft Combat Sim,,,,,,,,,,0.0,False,,
Metal Gear Solid V: The Phantom Pain,https://www.metacritic.com/game/metal-gear-solid-v-the-phantom-pain/,91,PC,2015-09-01,,Konami,Open-World Action,,,,,,,,,,0.0,False,,
Clair Obscur: Expedition 33,https://www.metacritic.com/game/clair-obscur-expedition-33/,91,PC,2025-04-24,,,JRPG,,,,,,,,,,0.0,False,,
Kentucky Route Zero - Act III,https://www.metacritic.com/game/kentucky-route-zero-act-iii/,91,PC,2014-05-06,,,Adventure,,,,,,,,,,0.0,False,,
Crysis,https://www.metacritic.com/game/crysis/,91,PC,2007-11-13,Crytek,EA Games,FPS,,,,,,,,,,0.0,False,,
World of Warcraft: The Burning Crusade,https://www.metacritic.com/game/world-of-warcraft-the-burning-crusade/,91,PC,2007-01-16,Blizzard Entertainment,Blizzard Entertainment,MMORPG,,,,,,,,,,0.0,False,,
Tiger Woods PGA Tour 2005,https://www.metacritic.com/game/tiger-woods-pga-tour-2005/,91,PC,2004-09-20,EA Sports,EA Sports,Golf Sim,,,,,,,,,,0.0,False,,
Batman: Arkham Asylum,https://www.metacritic.com/game/batman-arkham-asylum/,91,PC,2009-09-15,,Eidos Interactive,Action Adventure,,,,,,,,,,0.0,False,,
Galactic Civilizations II: Dark Avatar,https://www.metacritic.com/game/galactic-civilizations-ii-dark-avatar/,91,PC,2007-02-14,Stardock,Stardock,4X Strategy,,,,,,,,,,0.0,False,,
The Operative: No One Lives Forever,https://www.metacritic.com/game/the-operative-no-one-lives-forever/,91,PC,2000-11-11,Monolith Productions,,FPS,,,,,,,,,,0.0,False,,
Battlefield 2,https://www.metacritic.com/game/battlefield-2/,91,PC,2005-06-21,,EA Games,Tactical FPS,,,,,,,,,,0.0,False,,
Fallout 3,https://www.metacritic.com/game/fallout-3/,91,PC,2008-10-28,Bethesda Game Studios,Bethesda Softworks,Western RPG,,,,,,,,,,0.0,False,,
Batman: Arkham City,https://www.metacritic.com/game/batman-arkham-city/,91,PC,2011-11-21,,Warner Bros. Interactive Entertainment,Open-World Action,,,,,,,,,,0.0,False,,
Fez,https://www.metacritic.com/game/fez/,91,PC,2013-05-01,Polytron Corp.,Polytron Corp.,2D Platformer,,,,,,,,,,0.0,False,,
Planescape: Torment,https://www.metacritic.com/game/planescape-torment/,91,PC,1999-12-14,Black Isle Studios,Interplay,Western RPG,,,,,,,,,,0.0,False,,
Neverwinter Nights,https://www.metacritic.com/game/neverwinter-nights/,91,PC,2002-06-16,BioWare,Infogrames,Western RPG,,,,,,,,,,0.0,False,,
Resident Evil 4,https://www.metacritic.com/game/resident-evil-4/,91,PC,2023-03-24,Capcom,Capcom,Survival,,,,,,,,,,0.0,False,,
No One Lives Forever 2: A Spy in H.A.R.M.'s Way,https://www.metacritic.com/game/no-one-lives-forever-2-a-spy-in-h-a-r-m-s-way/,91,PC,2002-09-30,Monolith Productions,Sierra Entertainment,Action Adventure,,,,,,,,,,0.0,False,,
Mark of the Ninja,https://www.metacritic.com/game/mark-of-the-ninja/,91,PC,2012-10-16,,Microsoft Game Studios,2D Platformer,,,,,,,,,,0.0,False,,
Disco Elysium,https://www.metacritic.com/game/disco-elysium/,91,PC,2019-10-15,,,Western RPG,,,,,,,,,,0.0,False,,
Spelunky 2,https://www.metacritic.com/game/spelunky-2/,91,PC,2020-09-29,Mossmouth,Mossmouth,2D Platformer,,,,,,,,,,0.0,False,,
Satisfactory,https://www.metacritic.com/game/satisfactory/,91,PC,2024-09-10,,,Sandbox,,,,,,,,,,0.0,False,,
Call of Duty,https://www.metacritic.com/game/call-of-duty/,91,PC,2003-10-29,Infinity Ward,Activision,FPS,,,,,,,,,,0.0,False,,
Madden NFL 2004,https://www.metacritic.com/game/madden-nfl-2004/,91,PC,2003-08-12,EA Tiburon,EA Sports,Football Sim,,,,,,,,,,0.0,False,,
Balatro,https://www.metacritic.com/game/balatro/,90,PC,2024-02-20,,Playstack,Card Battle,,,,,,,,,,0.0,False,,
Animal Well,https://www.metacritic.com/game/animal-well/,90,PC,2024-05-09,,,Metroidvania,,,,,,,,,,0.0,False,,
The Sims 2,https://www.metacritic.com/game/the-sims-2/,90,PC,2004-09-14,Maxis,EA Games,Virtual Life,,,,,,,,,,0.0,False,,
Final Fantasy XIV: Shadowbringers,https://www.metacritic.com/game/final-fantasy-xiv-shadowbringers/,90,PC,2019-07-02,Square Enix,Square Enix,MMORPG,,,,,,,,,,0.0,False,,
World of Warcraft: Cataclysm,https://www.metacritic.com/game/world-of-warcraft-cataclysm/,90,PC,2010-12-07,Blizzard Entertainment,Blizzard Entertainment,MMORPG,,,,,,,,,,0.0,False,,
Factorio,https://www.metacritic.com/game/factorio/,90,PC,2020-08-14,,,Tycoon,,,,,,,,,,0.0,False,,
Spelunky,https://www.metacritic.com/game/spelunky/,90,PC,2013-08-08,Mossmouth,Microsoft Game Studios,2D Platformer,,,,,,,,,,0.0,False,,
Shin Megami Tensei V: Vengeance,https://www.metacritic.com/game/shin-megami-tensei-v-vengeance/,90,PC,2024-06-13,Atlus,Sega,JRPG,,,,,,,,,,0.0,False,,
Split Fiction,https://www.metacritic.com/game/split-fiction/,90,PC,2025-03-06,,,Linear Action Adventure,,,,,,,,,,0.0,False,,
Portal,https://www.metacritic.com/game/portal/,90,PC,2007-10-10,Valve Software,Valve Software,FPS,,,,,,,,,,0.0,False,,
Tetris Effect,https://www.metacritic.com/game/tetris-effect/,90,PC,2019-07-23,Enhance Games,Enhance Games,Stacking Puzzle,,,,,,,,,,0.0,False,,
NHL 2001,https://www.metacritic.com/game/nhl-2001/,90,PC,2000-09-28,EA Sports,EA Sports,Hockey Sim,,,,,,,,,,0.0,False,,
Deus Ex,https://www.metacritic.com/game/deus-ex/,90,PC,2000-06-23,,Eidos Interactive,Action Adventure,,,,,,,,,,0.0,False,,
Half-Life 2: Episode Two,https://www.metacritic.com/game/half-life-2-episode-two/,90,PC,2007-10-10,Valve Software,Valve Software,FPS,,,,,,,,,,0.0,False,,
Braid,https://www.metacritic.com/game/braid/,90,PC,2009-04-10,,,2D Platformer,,,,,,,,,,0.0,False,,
The Chronicles of Riddick: Escape From Butcher Bay,https://www.metacritic.com/game/the-chronicles-of-riddick-escape-from-butcher-bay/,90,PC,2004-12-08,Starbreeze,VU Games,FPS,,,,,,,,,,0.0,False,,
VIDEOVERSE,https://www.metacritic.com/game/videoverse/,90,PC,2023-08-07,Kinmoku,Kinmoku,Adventure,,,,,,,,,,0.0,False,,
God of War: Ragnarok,https://www.metacritic.com/game/god-of-war-ragnarok/,90,PC,2024-09-19,,,Action Adventure,,,,,,,,,,0.0,False,,
Bayonetta,https://www.metacritic.com/game/bayonetta/,90,PC,2017-04-11,PlatinumGames,Sega,Linear Action Adventure,,,,,,,,,,0.0,False,,
Falcon 4.0: Allied Force,https://www.metacritic.com/game/falcon-4-0-allied-force/,90,PC,2005-06-28,,,Aircraft Combat Sim,,,,,,,,,,0.0,False,,
Deus Ex: Human Revolution,https://www.metacritic.com/game/deus-ex-human-revolution/,90,PC,2011-08-23,Eidos Montreal,Square Enix,Action Adventure,,,,,,,,,,0.0,False,,
The Last of Us Part II Remastered,https://www.metacritic.com/game/the-last-of-us-part-ii-remastered/,90,PC,2025-04-03,Naughty Dog,Sony Interactive Entertainment,Survival,,,,,,,,,,0.0,False,,
Flight Simulator 2002,https://www.metacritic.com/game/flight-simulator-2002/,90,PC,2001-10-19,Microsoft Game Studios,Microsoft Game Studios,Aircraft Sim,,,,,,,,,,0.0,False,,
Dota 2,https://www.metacritic.com/game/dota-2/,90,PC,2013-07-09,Valve Software,Valve Software,MOBA,,,,,,,,,,0.0,False,,
Freedom Force,https://www.metacritic.com/game/freedom-force/,90,PC,2002-03-24,,,Action RPG,,,,,,,,,,0.0,False,,
GTR 2,https://www.metacritic.com/game/gtr-2/,90,PC,2006-09-29,,,Auto Racing Sim,,,,,,,,,,0.0,False,,
Grand Theft Auto IV,https://www.metacritic.com/game/grand-theft-auto-iv/,90,PC,2008-12-02,,Rockstar Games,Open-World Action,,,,,,,,,,0.0,False,,
Empire: Total War,https://www.metacritic.com/game/empire-total-war/,90,PC,2009-03-03,Creative Assembly,Sega,Real-Time Strategy,,,,,,,,,,0.0,False,,
Kentucky Route Zero - Act IV,https://www.metacritic.com/game/kentucky-route-zero-act-iv/,90,PC,2016-07-19,,,Adventure,,,,,,,,,,0.0,False,,
The Witcher 3: Wild Hunt - Hearts of Stone,https://www.metacritic.com/game/the-witcher-3-wild-hunt-hearts-of-stone/,89,PC,2015-10-13,CD Projekt Red Studio,,Action RPG,,,,,,,,,,0.0,False,,
Resident Evil 2,https://www.metacritic.com/game/resident-evil-2/,89,PC,2019-01-25,,Capcom,Survival,,,,,,,,,,0.0,False,,
Final Fantasy VII Rebirth,https://www.metacritic.com/game/final-fantasy-vii-rebirth/,89,PC,2025-01-23,Square Enix,Square Enix,Action RPG,,,,,,,,,,0.0,False,,
Devil May Cry 5,https://www.metacritic.com/game/devil-may-cry-5/,89,PC,2019-03-07,Capcom,Capcom,Action Adventure,,,,,,,,,,0.0,False,,
Neon White,https://www.metacritic.com/game/neon-white/,89,PC,2022-06-16,,Annapurna Interactive,FPS,,,,,,,,,,0.0,False,,
Age of Mythology,https://www.metacritic.com/game/age-of-mythology/,89,PC,2002-11-01,Ensemble Studios,Microsoft Game Studios,Real-Time Strategy,,,,,,,,,,0.0,False,,
Sacrifice (2000),https://www.metacritic.com/game/sacrifice-2000/,89,PC,2000-11-05,,Interplay,Real-Time Strategy,,,,,,,,,,0.0,False,,
The Walking Dead: A Telltale Games Series,https://www.metacritic.com/game/the-walking-dead-a-telltale-games-series/,89,PC,2012-04-24,Telltale Games,Telltale Games,Point-and-Click,,,,,,,,,,0.0,False,,
Like a Dragon: Infinite Wealth,https://www.metacritic.com/game/like-a-dragon-infinite-wealth/,89,PC,2024-01-26,Ryu ga Gotoku Studios,Sega,JRPG,,,,,,,,,,0.0,False,,
The Elder Scrolls III: Morrowind,https://www.metacritic.com/game/the-elder-scrolls-iii-morrowind/,89,PC,2002-05-01,Bethesda Softworks,Bethesda Softworks,Western RPG,,,,,,,,,,0.0,False,,
despelote,https://www.metacritic.com/game/despelote/,89,PC,2025-05-01,,Panic Inc.,Adventure,,,,,,,,,,0.0,False,,
Fallout,https://www.metacritic.com/game/fallout/,89,PC,1997-10-09,Black Isle Studios,Interplay,Western RPG,,,,,,,,,,0.0,False,,
Rocksmith 2014 Edition,https://www.metacritic.com/game/rocksmith-2014-edition/,89,PC,2013-10-22,Ubisoft,Ubisoft,Rhythm,,,,,,,,,,0.0,False,,
Pizza Tower,https://www.metacritic.com/game/pizza-tower/,89,PC,2023-01-26,,,2D Platformer,,,,,,,,,,0.0,False,,
World Soccer Winning Eleven 9,https://www.metacritic.com/game/world-soccer-winning-eleven-9/,89,PC,2006-04-28,,Konami,Soccer Sim,,,,,,,,,,0.0,False,,
Worldwide Soccer Manager 2005,https://www.metacritic.com/game/worldwide-soccer-manager-2005/,89,PC,2004-12-07,Sports Interactive,Sega,Soccer Management,,,,,,,,,,0.0,False,,
Dead Cells,https://www.metacritic.com/game/dead-cells/,89,PC,2018-08-06,Motion Twin,Motion Twin,Metroidvania,,,,,,,,,,0.0,False,,
F1 2017,https://www.metacritic.com/game/f1-2017/,89,PC,2017-08-24,Codemasters,Codemasters,Auto Racing Sim,,,,,,,,,,0.0,False,,
NASCAR Racing 2002 Season,https://www.metacritic.com/game/nascar-racing-2002-season/,89,PC,2002-02-14,,Sierra Entertainment,Auto Racing Sim,,,,,,,,,,0.0,False,,
Mass Effect,https://www.metacritic.com/game/mass-effect/,89,PC,2008-05-28,BioWare,Microsoft Game Studios,Western RPG,,,,,,,,,,0.0,False,,
Kynseed,https://www.metacritic.com/game/kynseed/,89,PC,2022-12-06,PixelCount Studios,PixelCount Studios,RPG,,,,,,,,,,0.0,False,,
Psychonauts 2,https://www.metacritic.com/game/psychonauts-2/,89,PC,2021-08-25,Double Fine Productions,Xbox Game Studios,3D Platformer,,,,,,,,,,0.0,False,,
Homeworld: Cataclysm,https://www.metacritic.com/game/homeworld-cataclysm/,89,PC,2000-09-07,,Sierra Entertainment,Real-Time Strategy,,,,,,,,,,0.0,False,,
Combat Mission: Barbarossa to Berlin,https://www.metacritic.com/game/combat-mission-barbarossa-to-berlin/,89,PC,2002-10-29,,,Real-Time Strategy,,,,,,,,,,0.0,False,,
Cyberpunk 2077: Phantom Liberty,https://www.metacritic.com/game/cyberpunk-2077-phantom-liberty/,89,PC,2023-09-26,CD Projekt Red Studio,CD Projekt Red Studio,Action RPG,,,,,,,,,,0.0,False,,
The Walking Dead: Episode 5 - No Time Left,https://www.metacritic.com/game/the-walking-dead-episode-5-no-time-left/,89,PC,2012-11-21,Telltale Games,Telltale Games,Point-and-Click,,,,,,,,,,0.0,False,,
Borderlands 2,https://www.metacritic.com/game/borderlands-2/,89,PC,2012-09-17,Gearbox Software,2K Games,FPS,,,,,,,,,,0.0,False,,
Max Payne,https://www.metacritic.com/game/max-payne/,89,PC,2001-07-23,Remedy Entertainment,,Third Person Shooter,,,,,,,,,,0.0,False,,
Football Manager Handheld,https://www.metacritic.com/game/football-manager-handheld/,89,PC,2005-12-31,Sports Interactive,Sega,Soccer Management,,,,,,,,,,0.0,False,,
Resident Evil 4: Separate Ways,https://www.metacritic.com/game/resident-evil-4-separate-ways/,89,PC,2023-09-21,Capcom,Capcom,Survival,,,,,,,,,,0.0,False,,
World in Conflict,https://www.metacritic.com/game/world-in-conflict/,89,PC,2007-09-18,Massive Entertainment,Sierra Entertainment,Real-Time Strategy,,,,,,,,,,0.0,False,,
Quake II - Enhanced Edition,https://www.metacritic.com/game/quake-ii-enhanced-edition/,89,PC,2023-08-10,id Software,ZeniMax Media,FPS,,,,,,,,,,0.0,False,,
Destiny 2: The Final Shape,https://www.metacritic.com/game/destiny-2-the-final-shape/,89,PC,2024-06-04,Bungie,Bungie,FPS,,,,,,,,,,0.0,False,,
NASCAR Racing 4,https://www.metacritic.com/game/nascar-racing-4/,89,PC,2001-02-06,,Sierra Entertainment,Auto Racing Sim,,,,,,,,,,0.0,False,,
Duke Nukem 3D,https://www.metacritic.com/game/duke-nukem-3d/,89,PC,1996-01-29,3D Realms,3D Realms,FPS,,,,,,,,,,0.0,False,,
Far Cry,https://www.metacritic.com/game/far-cry/,89,PC,2004-03-23,Crytek,Ubisoft,FPS,,,,,,,,,,0.0,False,,
Horizon Forbidden West: Complete Edition,https://www.metacritic.com/game/horizon-forbidden-west-complete-edition/,89,PC,2024-03-21,Nixxes Software,,Open-World Action,,,,,,,,,,0.0,False,,
Nuclear Throne,https://www.metacritic.com/game/nuclear-throne/,89,PC,2015-12-05,Vlambeer,Vlambeer,Top-Down Shoot-'Em-Up,,,,,,,,,,0.0,False,,
Cuphead in the Delicious Last Course,https://www.metacritic.com/game/cuphead-in-the-delicious-last-course/,89,PC,2022-06-30,Studio MDHR,Studio MDHR,2D Platformer,,,,,,,,,,0.0,False,,
Lone Echo,https://www.metacritic.com/game/lone-echo/,89,PC,2017-07-20,,Oculus Studios,Action Adventure,,,,,,,,,,0.0,False,,
FIFA Soccer 12,https://www.metacritic.com/game/fifa-soccer-12/,89,PC,2011-09-27,Electronic Arts,Electronic Arts,Soccer Sim,,,,,,,,,,0.0,False,,
XCOM: Enemy Unknown,https://www.metacritic.com/game/xcom-enemy-unknown/,89,PC,2012-10-08,Firaxis Games,2K Games,Turn-Based Tactics,,,,,,,,,,0.0,False,,
Mass Effect 3,https://www.metacritic.com/game/mass-effect-3/,89,PC,2012-03-06,BioWare,Electronic Arts,Action RPG,,,,,,,,,,0.0,False,,
Rise of Nations,https://www.metacritic.com/game/rise-of-nations/,89,PC,2003-05-20,,Microsoft Game Studios,Real-Time Strategy,,,,,,,,,,0.0,False,,
NASCAR Racing 2003 Season,https://www.metacritic.com/game/nascar-racing-2003-season/,89,PC,2003-02-14,,Sierra Entertainment,Auto Racing Sim,,,,,,,,,,0.0,False,,
Descent 3,https://www.metacritic.com/game/descent-3/,89,PC,1999-06-17,,Interplay,FPS,,,,,,,,,,0.0,False,,
NORCO,https://www.metacritic.com/game/norco/,89,PC,2022-03-24,,Raw Fury,Point-and-Click,,,,,,,,,,0.0,False,,
Rez Infinite,https://www.metacritic.com/game/rez-infinite/,89,PC,2017-08-09,,Enhance Games,Rail Shooter,,,,,,,,,,0.0,False,,
Battlefield 3,https://www.metacritic.com/game/battlefield-3/,89,PC,2011-10-25,EA DICE,Electronic Arts,Tactical FPS,,,,,,,,,,0.0,False,,
Battlefield 1942,https://www.metacritic.com/game/battlefield-1942/,89,PC,2002-09-10,,EA Games,FPS,,,,,,,,,,0.0,False,,
Madden NFL 2003,https://www.metacritic.com/game/madden-nfl-2003/,89,PC,2002-08-12,EA Sports,EA Sports,Football Sim,,,,,,,,,,0.0,False,,
DiRT 2,https://www.metacritic.com/game/dirt-2/,89,PC,2009-12-08,Codemasters,Codemasters,Auto Racing Sim,,,,,,,,,,0.0,False,,
Ghost of Tsushima: Director's Cut,https://www.metacritic.com/game/ghost-of-tsushima-directors-cut/,89,PC,2024-05-16,Sucker Punch,,Open-World Action,,,,,,,,,,0.0,False,,
Stardew Valley,https://www.metacritic.com/game/stardew-valley/,89,PC,2016-02-26,ConcernedApe,Chucklefish,RPG,,,,,,,,,,0.0,False,,
Railroad Tycoon II,https://www.metacritic.com/game/railroad-tycoon-ii/,89,PC,1998-11-02,,,Tycoon,,,,,,,,,,0.0,False,,
Asgard's Wrath,https://www.metacritic.com/game/asgards-wrath/,88,PC,2019-10-10,,Oculus Studios,Action RPG,,,,,,,,,,0.0,False,,
XCOM 2: War of the Chosen,https://www.metacritic.com/game/xcom-2-war-of-the-chosen/,88,PC,2017-08-29,Firaxis Games,2K Games,Turn-Based Tactics,,,,,,,,,,0.0,False,,
DUSK,https://www.metacritic.com/game/dusk/,88,PC,2018-12-10,New Blood Interactive,New Blood Interactive,FPS,,,,,,,,,,0.0,False,,
Microsoft Flight Simulator 2004: A Century of Flight,https://www.metacritic.com/game/microsoft-flight-simulator-2004-a-century-of-flig/,88,PC,2003-07-29,Microsoft Game Studios,Microsoft Game Studios,Aircraft Sim,,,,,,,,,,0.0,False,,
Kingdom Come: Deliverance II,https://www.metacritic.com/game/kingdom-come-deliverance-ii/,88,PC,2025-02-04,Warhorse Studios,Deep Silver,Action RPG,,,,,,,,,,0.0,False,,
Mafia,https://www.metacritic.com/game/mafia/,88,PC,2002-08-27,,,Open-World Action,,,,,,,,,,0.0,False,,
Sekiro: Shadows Die Twice,https://www.metacritic.com/game/sekiro-shadows-die-twice/,88,PC,2019-03-22,From Software,Activision,Action Adventure,,,,,,,,,,0.0,False,,
Disco Elysium - The Final Cut,,,,,,,,https://store.steampowered.com/app/632470,P829.95,0%,Very Positive,971,2019-10-15,ZA/UM,,"RPG, Story Rich, Choices Matter, Detective, Isometric, Atmospheric, Singleplayer, Point & Click, CRPG, Noir, Political, Surreal, Visual Novel, Exploration, Funny, Indie, Adventure, Open World, Character Customization, Sexual Content",0.0,False,,
Six Days in Fallujah,,,,,,,,https://store.steampowered.com/app/1548850,"P1,100.00",0%,Mixed,212,2023-06-22,Highwire Games,Victura,"Early Access, Tactical, Military, Realistic, FPS, Singleplayer, Co-op, Survival Horror, War, Multiplayer, Shooter, Stealth, Team-Based, Simulation, Online Co-Op, First-Person, Horror, Wargame, Historical, PvE",0.0,False,,
Gone Home,,,,,,,,https://store.steampowered.com/app/232430,P69.98,-60%,Very Positive,28,2013-08-15,Fullbright,,"Walking Simulator, Short, Indie, Exploration, Atmospheric, First-Person, Story Rich, Narrative, LGBTQ+, Female Protagonist, Adventure, Singleplayer, Great Soundtrack, Mystery, Interactive Fiction, 1990's, Emotional, Narration, Romance, Point & Click",0.0,False,,
Baldur's Gate II: Enhanced Edition,,,,,,,,https://store.steampowered.com/app/257350,P615.00,0%,Very Positive,46,2013-11-15,Beamdog,,"RPG, Dungeons & Dragons, Story Rich, CRPG, Fantasy, Party-Based RPG, Open World, Tabletop, Character Customization, Real-Time with Pause, Choices Matter, Multiplayer, Adventure, Magic, Online Co-Op, Singleplayer, Isometric, Atmospheric, Action-Adventure, Old School",0.0,False,,
Total War: WARHAMMER III,,,,,,,,https://store.steampowered.com/app/1142710,"P2,215.00",0%,Very Positive,607,2022-02-16,CREATIVE ASSEMBLY,SEGA,"Strategy, Turn-Based Strategy, Grand Strategy, RTS, Fantasy, Real Time Tactics, War, Dark Fantasy, Action, Dwarf, Tactical, Games Workshop, Atmospheric, Multiplayer, Colorful, Co-op, PvP, Singleplayer, Warhammer 40K, Online Co-Op",0.0,False,,
Sid Meier's Civilization VII,,,,,,,,https://store.steampowered.com/app/1295660,"P2,920.00",0%,Mixed,"1,199",2025-02-10,Firaxis Games,2K,"Grand Strategy, Historical, 4X, Diplomacy, Military, Simulation, Multiplayer, Economy, War, Strategy, Turn-Based Tactics, City Builder, Tactical, Alternate History, Singleplayer, Hex Grid, Political Sim, Stylized, Turn-Based Strategy, PvP",0.0,False,,
Morbid: The Seven Acolytes,,,,,,,,https://store.steampowered.com/app/1140890,P549.95,0%,Mixed,15,2020-12-03,Still Running,Silver Lining Interactive,"Souls-like, Action, Adventure, Lovecraftian, RPG, Pixel Graphics, Action RPG, Dark Fantasy, Indie, Horror, Steampunk, Gore, Female Protagonist, Third Person, Fantasy, Atmospheric, Violent, Singleplayer, Combat, Cyberpunk",0.0,False,,
Murim Survival,,,,,,,,https://store.steampowered.com/app/3449590,P274.95,0%,Very Positive,44,2025-03-17,Sunwood Games,,"RPG, Action, Adventure, Roguelike, Action RPG, Action Roguelike, Action-Adventure, 2D, Pixel Graphics, Martial Arts, Survival, Fantasy, Combat, Procedural Generation, Character Customization, Casual, Hack and Slash, Singleplayer, Indie, Early Access",0.0,False,,
Sid Meier's Civilization® IV,,,,,,,,https://store.steampowered.com/app/3900,P499.95,-80%,Very Positive,20,2005-10-25,Firaxis Games,2K,"Strategy, Turn-Based Strategy, Turn-Based, 4X, Historical, Multiplayer, Singleplayer, Moddable, Grand Strategy, Classic, Addictive, Replay Value, Simulation, Resource Management, War, Great Soundtrack, Economy, Tactical, Management, Local Multiplayer",0.0,False,,
Soccer Online: Ball 3D,,,,,,,,https://store.steampowered.com/app/485610,P35.95,0%,Very Positive,50,2017-03-31,Unusualsoft,,"Sports, Football (Soccer), PvP, eSports, Multiplayer, Simulation, Arcade, Online Co-Op, Immersive, Team-Based, Real Time Tactics, Character Customization, Third Person, Action, Competitive, 3D, Colorful, Stylized, Difficult, Fast-Paced",0.0,False,,
Divinity: Original Sin 2 - Definitive Edition,,,,,,,,https://store.steampowered.com/app/435150,"P1,239.95",0%,Very Positive,660,2017-09-14,Larian Studios,,"Tactical RPG, RPG, Turn-Based Strategy, Story Rich, Fantasy, Character Customization, CRPG, Exploration, Party-Based RPG, Strategy RPG, PvP, Female Protagonist, Co-op Campaign, Local Co-Op, Choices Matter, Isometric, Romance, Strategy, Moddable, Funny",0.0,False,,
Angels Fall First,,,,,,,,https://store.steampowered.com/app/367270,P419.95,0%,Very Positive,"2,528",2015-10-01,Strangely Interactive Ltd,,"Action, Indie, FPS, Sci-fi, Space, Multiplayer, Simulation, Early Access, First-Person, Singleplayer, Tactical, Violent, Shooter, Co-op, Futuristic, Great Soundtrack, Open World",0.0,False,,
Earth 2150 Trilogy,,,,,,,,https://store.steampowered.com/app/253880,P335.00,0%,Mostly Positive,420,2000-05-20,Reality Pump Studios,Topware Interactive,"Strategy, RTS, Sci-fi, Classic, Space, Base Building",0.0,False,,
The Noob Adventures: Fool For Love,,,,,,,,https://store.steampowered.com/app/2869800,P71.49,0%,Positive,10,2024-04-01,Ping Group,,"Visual Novel, Interactive Fiction, Choose Your Own Adventure, Text-Based, 2D, Family Friendly, Romance, Linear, RPG, Story Rich, Tabletop, Funny, Relaxing, Anime, Colorful, Stylized, Building, Adventure, Singleplayer, Choices Matter",0.0,False,,
Astrox: Hostile Space Excavation,,,,,,,,https://store.steampowered.com/app/414720,P289.95,0%,Very Positive,443,2015-12-01,Jace Masula,,"Simulation, Space, Indie, Adventure, Sandbox, Open World, Mining, Space Sim, Singleplayer, Procedural Generation, Crafting, Pirates, Atmospheric",0.0,False,,
STAR WARS™ Knights of the Old Republic™,,,,,,,,https://store.steampowered.com/app/32370,P335.00,0%,Very Positive,191,2003-11-19,BioWare,LucasArts,"RPG, Sci-fi, Story Rich, Singleplayer, Classic, Adventure, Party-Based RPG, Real-Time with Pause, Choices Matter, Third Person, Action, Space, Exploration, Fantasy, Atmospheric, Turn-Based, Great Soundtrack, Moddable, Female Protagonist, Open World",0.0,False,,
The Dragon Odyssey,,,,,,,,https://store.steampowered.com/app/3402270,Free To Play,0%,Mixed,35,2025-02-28,NEOCRAFT,,"Adventure, Action, Strategy, RPG, Action RPG, MOBA, MMORPG, Real Time Tactics, 3D, Magic, Dark, Dark Fantasy, PvP, Combat, Character Customization, Co-op, Massively Multiplayer, Online Co-Op, Multiplayer, Free to Play",0.0,False,,
Call of Duty® 4: Modern Warfare® (2007),,,,,,,,https://store.steampowered.com/app/7940,"P1,200.00",0%,Very Positive,124,2007-11-12,Infinity Ward,Activision,"FPS, Action, Multiplayer, Shooter, Singleplayer, First-Person, Classic, Military, War, PvP, Story Rich, Great Soundtrack, Linear, Modern, Co-op, Controller, Atmospheric, Moddable, Competitive, Zombies",0.0,False,,
Swords and Sandals Classic Collection,,,,,,,,https://store.steampowered.com/app/1055430,P335.00,0%,Very Positive,59,2019-04-18,Whiskeybarrel Studios,eGames.com,"Strategy, RPG, Turn-Based Combat, Action, Turn-Based, Casual, Replay Value, Local Multiplayer, 2D, Board Game, Adventure, Comedy, Singleplayer, Funny, Gore, Multiplayer, Roguelike, Strategy RPG, Medieval, Hack and Slash",0.0,False,,
SubwaySim 2,,,,,,,,https://store.steampowered.com/app/2707070,P615.00,0%,Very Positive,340,2025-04-29,Simuverse Interactive,Aerosoft GmbH,"Simulation, Realistic, Trains, First-Person, 3D, Third Person, Controller, Moddable, Singleplayer, Underground",0.0,False,,
Scourge Of War - Remastered,,,,,,,,https://store.steampowered.com/app/2205330,P590.00,0%,Very Positive,12,2024-09-06,Norb Software Development LLC,Scourge of War,"Wargame, Real Time Tactics, Immersive Sim, Military, War, PvP, Tutorial, RTS, Grand Strategy, Strategy, 3D, Third Person, Artificial Intelligence, Singleplayer, Co-op, Multiplayer, Moddable, Historical, Team-Based, Simulation",0.0,False,,
Street Fighter™ 6,,,,,,,,https://store.steampowered.com/app/1364780,"P1,990.00",0%,Mostly Positive,647,2023-06-01,"CAPCOM Co., Ltd.",,"2D Fighter, Fighting, Character Customization, Arcade, Action, Multiplayer, Competitive, PvP, Adventure, Singleplayer, eSports, Open World, Local Multiplayer, Controller, 3D, Martial Arts, Action RPG, Great Soundtrack, Sandbox, Anime",0.0,False,,
System Shock® 2 (Classic),,,,,,,,https://store.steampowered.com/app/238210,P319.95,0%,Very Positive,24,1999-08-11,Nightdive Studios,,"Cyberpunk, RPG, Horror, Sci-fi, Classic, FPS, Immersive Sim, Survival Horror, Cult Classic, Action, First-Person, Space, Story Rich, Atmospheric, Great Soundtrack, Singleplayer, Inventory Management, Co-op, Shooter, Survival",0.0,False,,
Tom Clancy's Splinter Cell Chaos Theory®,,,,,,,,https://store.steampowered.com/app/13570,P380.00,-8%,Very Positive,44,2005-03-29,Ubisoft Montreal,,"Stealth, Action, Third Person, Classic, Co-op, Great Soundtrack, Atmospheric, Singleplayer, Tactical, Immersive, Multiplayer, Shooter, Story Rich, Controller, Third-Person Shooter, Adventure, Strategy, Local Co-Op",0.0,False,,
Eternal Escape: castle of shadows,,,,,,,,https://store.steampowered.com/app/3016090,P142.00,0%,Very Positive,106,2024-07-11,Robot,,"Gore, Puzzle, Exploration, Immersive Sim, RPG, Hidden Object, 3D, First-Person, Realistic, Adventure, Medieval, Fantasy, Psychological Horror, Thriller, Atmospheric, Dark Fantasy, Female Protagonist, Choices Matter, Singleplayer, Multiple Endings",0.0,False,,
Total War: ROME REMASTERED,,,,,,,,https://store.steampowered.com/app/885970,"P1,110.00",0%,Very Positive,105,2021-04-29,Creative Assembly,SEGA,"Strategy, Grand Strategy, Turn-Based Strategy, Action, RTS, Rome, 4X, Real Time Tactics, Wargame, Historical, Diplomacy, Tactical, War, Multiplayer, Singleplayer, Turn-Based Combat, Turn-Based Tactics, Remake, Medieval, Classic",0.0,False,,
Thief™ Gold,,,,,,,,https://store.steampowered.com/app/211600,P289.00,0%,Very Positive,20,1998-11-30,Looking Glass Studios,Eidos Interactive Corp.,"Stealth, Classic, First-Person, Atmospheric, Steampunk, Immersive Sim, Action, Horror, Singleplayer, Fantasy, Immersive, Adventure, Medieval, Dark Fantasy, Cult Classic, Dark, Story Rich, Exploration, 1990's, Moddable",0.0,False,,
Total War: PHARAOH,,,,,,,,https://store.steampowered.com/app/1937780,"P1,295.00",0%,Mostly Positive,15,2023-10-11,CREATIVE ASSEMBLY,SEGA,"Strategy, RTS, Grand Strategy, Tactical, Action, War, Multiplayer, Atmospheric, Singleplayer, Turn-Based Strategy, PvP, Historical, 4X, Capitalism, Management, Rome, Psychological Horror, Sexual Content, Nudity",0.0,False,,
Galactic Civilizations® II: Ultimate Edition,,,,,,,,https://store.steampowered.com/app/202200,"P1,100.00",-75%,Very Positive,924,2008-04-30,Stardock Entertainment,,"4X, Grand Strategy, Turn-Based, Turn-Based Strategy, 3D, Strategy, Top-Down, Base Building, Sandbox, Sci-fi, Diplomacy, Management, Building, Moddable, Space, Artificial Intelligence, War, Aliens, Futuristic, Combat",0.0,False,,
Buramato,,,,,,,,https://store.steampowered.com/app/1726560,,0%,,,,OZYGAMES,,"Action, Anime, Action-Adventure, Puzzle, Third-Person Shooter, Adventure, Atmospheric, Bullet Hell, Casual, Shooter, 3D Platformer, Puzzle Platformer, Exploration, 3D, Cartoon, Cartoony, Colorful, Dragons, Emotional, Singleplayer",0.0,False,,
Microsoft Flight Simulator 2024,,,,,,,,https://store.steampowered.com/app/2537590,"P3,699.00",0%,Mixed,549,2024-11-19,Asobo Studio,Xbox Game Studios,"Simulation, Flight, Realistic, VR, Multiplayer, Hobby Sim, Singleplayer, Atmospheric, Family Friendly, Exploration, Sandbox, Nature, Relaxing, Open World, Nonlinear, Immersive Sim, Character Customization, Physics, Colorful, Psychological Horror",0.0,False,,
IL-2 Sturmovik: Battle of Stalingrad,,,,,,,,https://store.steampowered.com/app/307960,"P8,489.60",-80%,Mixed,81,2014-10-22,1C Game Studios,FOR-GAMES CR LTD,"Flight, Realistic, Simulation, VR, Jet, World War II, War, Historical, First-Person, Singleplayer, Multiplayer, Atmospheric, Controller, Tanks, TrackIR, Wargame, Military, Third Person, PvP, Action",0.0,False,,
Tom Clancy's Splinter Cell®,,,,,,,,https://store.steampowered.com/app/13560,"P1,100.00",-75%,Mostly Positive,38,2003-02-18,Ubisoft,,"Stealth, Action, Third Person, Classic, Singleplayer, Shooter, Third-Person Shooter, Adventure, Multiplayer, Atmospheric, Difficult, Controller, Tactical, Co-op, Strategy",0.0,False,,
Tony Hawk's™ Pro Skater™ 1 + 2,,,,,,,,https://store.steampowered.com/app/2395210,"P1,944.99",0%,Very Positive,92,2023-10-03,Vicarious Visions,Activision,"Sports, Skateboarding, Multiplayer, Singleplayer, Arcade, Co-op, Character Customization, Third Person, 3D, Soundtrack, Music, Remake, Great Soundtrack",0.0,False,,
STAR WARS™ Jedi Knight: Dark Forces II,,,,,,,,https://store.steampowered.com/app/32380,P209.95,0%,Very Positive,12,1997-10-09,LucasArts,Lucasfilm,"Action, FPS, Classic, Sci-fi, Third Person, Singleplayer, First-Person, Shooter, Multiplayer, Space, Adventure, Great Soundtrack, FMV, Retro, 1990's, Boomer Shooter, Story Rich",0.0,False,,
Batman: Arkham Asylum Game of the Year Edition,,,,,,,,https://store.steampowered.com/app/35140,P499.95,0%,Overwhelmingly Positive,505,2010-03-26,Rocksteady Studios,WB Games,"Action, Stealth, Third Person, Superhero, Adventure, Singleplayer, Open World, Beat 'em up, Detective, Comic Book, Atmospheric, Story Rich, Action-Adventure, Fighting, Controller, Metroidvania, Puzzle, 3D Vision, Horror, Dark",0.0,False,,
The Heart of Darkness,,,,,,,,https://store.steampowered.com/app/1413990,P337.46,-25%,Very Positive,255,2022-04-15,BigWednesday,Kagura Games,"RPG, Singleplayer, Indie, Anime, JRPG, RPGMaker, Dark Fantasy, Souls-like, Memes, Psychological Horror, Combat, Adventure, Sexual Content, Nudity, Hentai, Female Protagonist, Turn-Based, Mature, NSFW",0.0,False,,
Nation Red,,,,,,,,https://store.steampowered.com/app/39800,P99.95,0%,Very Positive,"2,173",2010-08-23,DiezelPower,,"Zombies, Action, Indie, Top-Down Shooter, Online Co-Op, Survival, Gore, Twin Stick Shooter, Local Co-Op, Co-op, Multiplayer, Top-Down, 4 Player Local, Arcade, Addictive, Violent, Horror, Shoot 'Em Up, Singleplayer, Blood",0.0,False,,
Street Fighter® IV,,,,,,,,https://store.steampowered.com/app/21660,,0%,Mixed,473,2009-07-07,Capcom,,"Fighting, Action, Arcade, Local Multiplayer, Multiplayer, 2D Fighter, 2.5D, Beat 'em up, Competitive, 2D, Anime",0.0,False,,
Batman: Arkham City - Game of the Year Edition,,,,,,,,https://store.steampowered.com/app/200260,P499.95,0%,Very Positive,405,2012-09-07,Rocksteady Studios,WB Games,"Action, Open World, Stealth, Superhero, Adventure, Third Person, Singleplayer, Beat 'em up, Comic Book, Detective, Story Rich, Atmospheric, Fighting, Action-Adventure, Cinematic, Controller, 3D Vision, Sandbox, Metroidvania, Great Soundtrack",0.0,False,,
Dragon Age: Origins - Ultimate Edition,,,,,,,,https://store.steampowered.com/app/47810,"P1,299.00",0%,Mostly Positive,185,2010-10-26,BioWare,Electronic Arts,"RPG, Fantasy, Story Rich, Choices Matter, Singleplayer, Party-Based RPG, Real-Time with Pause, Character Customization, Mature, Adventure, Multiple Endings, Dark Fantasy, Well-Written, Strategy, Dragons, Female Protagonist, Classic, Open World, Tactical, Moddable",0.0,False,,
EmergeNYC,,,,,,,,https://store.steampowered.com/app/461430,P549.95,0%,Mostly Negative,11,2016-11-03,FlipSwitch Games,,"Early Access, Simulation, Open World, Multiplayer, Action, Realistic, Strategy, Driving, RPG, Indie, Casual, Singleplayer, Adventure, First-Person, Automobile Sim, Massively Multiplayer, Third Person, Sandbox, RTS, Point & Click",0.0,False,,
The Sims™ 2 Legacy Collection,,,,,,,,https://store.steampowered.com/app/3314070,"P1,499.00",0%,Very Positive,114,2025-01-31,MAXIS,Electronic Arts,"Sandbox, Life Sim, Building, Simulation, Management, Immersive Sim, Character Customization, Story Rich, Colorful, Cartoony, Atmospheric, Singleplayer, Classic, Sexual Content, LGBTQ+",0.0,False,,
SpellPunk VR,,,,,,,,https://store.steampowered.com/app/1258980,P319.95,0%,Mostly Positive,22,2020-04-24,Incineration Productions,,"Arena Shooter, Shooter, Magic, Combat, VR, PvP, Multiplayer, Comic Book, Competitive, Female Protagonist, Action, Colorful, Stylized, Fantasy, Sci-fi, Singleplayer, Early Access, Fighting, Indie, eSports",0.0,False,,
World of Goo 2,,,,,,,,https://store.steampowered.com/app/3385670,P910.00,0%,Very Positive,356,2025-04-25,2D BOY,,"Physics, Puzzle, Building, Casual, 2D, Cute, Colorful, Atmospheric, Family Friendly, Adventure, Comedy, Cartoon, Old School, Co-op, Local Co-Op, Local Multiplayer, Indie, Singleplayer, Multiplayer",0.0,False,,
Slay the Princess — The Pristine Cut,,,,,,,,https://store.steampowered.com/app/1989270,P565.00,0%,Overwhelmingly Positive,549,2023-10-23,Black Tabby Games,Serenity Forge,"Visual Novel, Choices Matter, Psychological Horror, Horror, Choose Your Own Adventure, Story Rich, CRPG, Lore-Rich, Point & Click, Simulation, Hand-drawn, First-Person, Romance, Interactive Fiction, Dating Sim, Singleplayer, Adventure, Comic Book, RPG, Dark Humor",0.0,False,,
Switch - Black & White,,,,,,,,https://store.steampowered.com/app/879430,P35.95,0%,Positive,27,2018-07-21,Koruka,,"Indie, Casual",0.0,False,,
Tony Hawk's™ Pro Skater™ 3 + 4,,,,,,,,https://store.steampowered.com/app/2545710,"P3,000.00",0%,,,2025-07-10,Iron Galaxy Studios,Activision,"Sports, Skateboarding, Music, Arcade, Character Customization, 3D Platformer, Third Person, Singleplayer, 3D, Multiplayer",0.0,False,,
Sid Meier's Civilization® III Complete,,,,,,,,https://store.steampowered.com/app/3910,P174.95,0%,Very Positive,36,2001-10-30,Firaxis Games,2K,"Strategy, Turn-Based Strategy, Turn-Based, Classic, 4X, Historical, Singleplayer, Multiplayer, Replay Value, Grand Strategy, Simulation, Military, Exploration, Addictive, City Builder, Old School, War, Isometric, Diplomacy, Alternate History",0.0,False,,
Hi-Fi RUSH,,,,,,,,https://store.steampowered.com/app/1817230,P925.00,0%,Very Positive,74,2023-01-25,Tango Gameworks,Bethesda Softworks,"Rhythm, Action, Hack and Slash, Great Soundtrack, Singleplayer, Cartoony, Action-Adventure, Music, Platformer, Character Action Game, Colorful, Spectacle fighter, Comedy, Stylized, Beat 'em up, Anime, Cyberpunk, Third Person, Robots, Adventure",0.0,False,,
Silent Hunter® III,,,,,,,,https://store.steampowered.com/app/15210,P45.00,-75%,Very Positive,10,2005-03-15,Ubisoft,,"Naval Combat, Simulation, Submarine, World War II, Naval, Military, Historical, Underwater, Open World, Realistic, Singleplayer, Multiplayer, Action, Strategy, Classic, War",0.0,False,,
Sid Meier's Civilization® V,,,,,,,,https://store.steampowered.com/app/8930,"P3,507.25",-75%,Very Positive,292,2010-09-23,Firaxis Games,2K,"Turn-Based Strategy, Strategy, Turn-Based, Multiplayer, Historical, 4X, Addictive, Singleplayer, Hex Grid, Grand Strategy, Replay Value, Co-op, Economy, Tactical, Diplomacy, Moddable, Simulation, Classic, Great Soundtrack, Touch-Friendly",0.0,False,,
Roadclub: League Racing,,,,,,,,https://store.steampowered.com/app/437730,Free To Play,0%,Very Positive,65,2019-01-08,Solid Core,,"Racing, Automobile Sim, Sports, Indie, Simulation, Action, Top-Down, 2D, Local Multiplayer, Driving, Early Access",0.0,False,,
Brothers - A Tale of Two Sons,,,,,,,,https://store.steampowered.com/app/225080,P419.95,0%,Very Positive,55,2013-09-03,Starbreeze Studios AB,505 Games,"Adventure, Atmospheric, Story Rich, Controller, Indie, Emotional, Puzzle, Short, Fantasy, Singleplayer, Beautiful, Great Soundtrack, Local Co-Op, Multiplayer, Action, Platformer, Third Person, Casual, Walking Simulator, 3D Vision",0.0,False,,
Grand Theft Auto IV: The Complete Edition,,,,,,,,https://store.steampowered.com/app/12210,P750.00,0%,Very Positive,"1,803",2020-03-24,Rockstar North,Rockstar Games,"Open World, Action, Automobile Sim, Crime, Multiplayer, Third Person, Adventure, Singleplayer, Third-Person Shooter, Moddable, Sandbox, Shooter, Physics, Atmospheric, Classic, Dark Humor, Funny, Gore, Satire, Co-op",0.0,False,,
Total War: SHOGUN 2,,,,,,,,https://store.steampowered.com/app/34330,P994.95,0%,Very Positive,199,2011-03-15,CREATIVE ASSEMBLY,SEGA,"Strategy, Historical, Turn-Based Strategy, RTS, Grand Strategy, Tactical, Singleplayer, Multiplayer, Real Time Tactics, Military, Diplomacy, Ninja, Co-op, Turn-Based, Medieval, Great Soundtrack, Moddable, Turn-Based Tactics, Action, Stylized",0.0,False,,
Total War: EMPIRE – Definitive Edition,,,,,,,,https://store.steampowered.com/app/10500,P829.95,0%,Very Positive,145,2009-03-04,CREATIVE ASSEMBLY,SEGA,"Strategy, Historical, Military, Grand Strategy, Turn-Based Strategy, War, Tactical, RTS, Multiplayer, Singleplayer, Turn-Based, Naval, America, Real Time Tactics, Great Soundtrack, Action, Turn-Based Tactics, Atmospheric, Classic, Adventure",0.0,False,,
Command & Conquer™ Red Alert™ 3,,,,,,,,https://store.steampowered.com/app/17480,"P1,320.00",0%,Mostly Positive,82,2008-10-28,EA Los Angeles,Electronic Arts,"Family Friendly, Level Editor, Strategy, RTS, Action, Multiplayer, Co-op, Singleplayer, Base Building, Online Co-Op, Alternate History, War, Real-Time, Sci-fi, Co-op Campaign, Classic, Great Soundtrack, Comedy, FMV, Atmospheric",0.0,False,,
Alan Wake,,,,,,,,https://store.steampowered.com/app/108710,P485.00,0%,Very Positive,187,2012-02-16,Remedy Entertainment,,"Action, Horror, Third Person, Adventure, Story Rich, Thriller, Atmospheric, Singleplayer, Psychological Horror, Great Soundtrack, Mystery, Episodic, Third-Person Shooter, Dark, Supernatural, Cinematic, Survival Horror, Narration, Shooter, Survival",0.0,False,,
STAR WARS™ Jedi Knight II - Jedi Outcast™,,,,,,,,https://store.steampowered.com/app/6030,P335.00,0%,Very Positive,32,2003-09-16,Raven Software,LucasArts,"Action, Classic, Sci-fi, FPS, Multiplayer, Third Person, Singleplayer, Shooter, Story Rich, Adventure, Third-Person Shooter, First-Person, Cult Classic, Great Soundtrack, Swordplay, Space, Atmospheric, Moddable, Local Multiplayer, Hack and Slash",0.0,False,,
Age of Mythology: Retold,,,,,,,,https://store.steampowered.com/app/1934680,"P1,490.00",0%,Very Positive,310,2024-09-04,World's Edge,Xbox Game Studios,"Strategy, 3D, RTS, Story Rich, Lore-Rich, Base Building, Resource Management, Mythology, Fantasy, Singleplayer, PvE, Top-Down, Level Editor, Moddable, Action RTS, Multiplayer, PvP, Co-op, Online Co-Op, Tutorial",0.0,False,,
DARK SOULS™ III,,,,,,,,https://store.steampowered.com/app/374320,"P2,100.00",0%,Very Positive,"2,294",2016-04-11,"FromSoftware, Inc.",Bandai Namco Entertainment,"Souls-like, Dark Fantasy, Difficult, RPG, Atmospheric, Lore-Rich, Third Person, Exploration, Story Rich, Action RPG, Co-op, Great Soundtrack, Adventure, Action, Multiplayer, PvP, Open World, Singleplayer, Character Customization, Replay Value",0.0,False,,
The Elder Scrolls III: Morrowind® Game of the Year Edition,,,,,,,,https://store.steampowered.com/app/22320,P499.95,0%,Overwhelmingly Positive,303,2002-04-29,Bethesda Game Studios,Bethesda Softworks,"RPG, Open World, Fantasy, Classic, Great Soundtrack, Moddable, Singleplayer, First-Person, Adventure, Cult Classic, Atmospheric, Magic, Exploration, Story Rich, Sandbox, Character Customization, Action RPG, Medieval, Action, Third Person",0.0,False,,
Rocksmith® 2014 Edition REMASTERED LEARN & PLAY,,,,,,,,https://store.steampowered.com/app/221680,P409.00,0%,Very Positive,87,2024-12-19,Ubisoft - San Francisco,,"Music, Education, Simulation, Rhythm, Great Soundtrack, Casual, Local Co-Op, Singleplayer, Rock Music, Difficult, Co-op, Moddable, Addictive, Multiplayer",0.0,False,,
There Is No Game: Wrong Dimension,,,,,,,,https://store.steampowered.com/app/1240210,P369.95,0%,Overwhelmingly Positive,125,2020-08-06,Draw Me A Pixel,,"Indie, Adventure, Point & Click, Puzzle, Pixel Graphics, Casual, Funny, Comedy, Story Rich, Singleplayer, 2D, Narration, Parody, Romance, Interactive Fiction, Great Soundtrack, Simulation, Remake, RPG, Action",0.0,False,,
LOGistICAL,,,,,,,,https://store.steampowered.com/app/573060,P319.95,0%,Very Positive,223,2017-02-15,Sacada,,"Casual, Strategy, Indie, Puzzle, Resource Management, Transportation, Education, Economy",0.0,False,,
Maneuver Warfare,,,,,,,,https://store.steampowered.com/app/1285180,P765.00,0%,Positive,15,2020-05-25,Decisive Action Games,,"Wargame, Real Time Tactics, Military, War, World War II, Tanks, Strategy, 2D, 3D, Historical, Simulation, Tactical, Retro, Combat, Singleplayer, Fighting",0.0,False,,
Out of the Park Baseball 26,,,,,,,,https://store.steampowered.com/app/3116890,"P1,400.00",0%,Mostly Positive,41,2025-03-14,Out of the Park Developments,,"Simulation, Sports, Strategy, Card Battler, Management, Sandbox, 2D, 3D, America, Family Friendly, Historical, Tactical, PvP, Choices Matter, Resource Management, Baseball, Trading, Multiplayer, Competitive, Singleplayer",0.0,False,,
Broken Arrow,,,,,,,,https://store.steampowered.com/app/1604270,"P1,670.00",0%,,,2025-06-19,Steel Balalaika,Slitherine Ltd.,"Strategy, Wargame, Modern, RTS, Action RTS, Real Time Tactics, Deckbuilding, War, Tactical, Realistic, 3D, PvP, Multiplayer, Artificial Intelligence, Naval Combat, Resource Management, Military, Singleplayer, Tanks, Difficult",0.0,False,,
iRacing,,,,,,,,https://store.steampowered.com/app/266410,,0%,Very Positive,95,2015-01-12,iRacing.com Motorsport Simulations,,"Racing, Automobile Sim, Simulation, VR, Sports, Driving, Multiplayer, Massively Multiplayer, Realistic, Singleplayer, Controller, eSports, First-Person, Action",0.0,False,,
Mass Effect™ 3 N7 Digital Deluxe Edition (2012),,,,,,,,https://store.steampowered.com/app/1238020,"P1,299.00",0%,Mostly Positive,18,2012-03-06,BioWare,Electronic Arts,"Sci-fi, Action, Choices Matter, Singleplayer, Third-Person Shooter, Story Rich, Space, Action RPG, Shooter, Third Person, Character Customization, RPG, Strategy, Multiplayer, Cinematic, Online Co-Op, Co-op, Real-Time with Pause, Violent, Romance",0.0,False,,
Rise of Nations: Extended Edition,,,,,,,,https://store.steampowered.com/app/287450,P499.95,0%,Very Positive,82,2014-06-12,SkyBox Labs,Xbox Game Studios,"Strategy, RTS, Classic, Multiplayer, Historical, Nostalgia, Simulation, War, Great Soundtrack, Singleplayer, Epic, Base Building, City Builder, Real-Time, Co-op, Remake, Building, Isometric, Action, Atmospheric",0.0,False,,
Rune in the Three Kingdoms,,,,,,,,https://store.steampowered.com/app/2398720,P142.00,0%,6 user reviews,,2023-12-08,First Dimension,,"Adventure, Strategy, Loot, RPG, Online Co-Op, Card Game, Deckbuilding, Card Battler, Clicker, Strategy RPG, Perma Death, Tactical RPG, 2.5D, 2D, Cartoony, Third Person, Historical, Combat, Multiplayer, Massively Multiplayer",0.0,False,,
Prince of Persia®: The Sands of Time,,,,,,,,https://store.steampowered.com/app/13600,P380.00,-7%,Very Positive,64,2003-12-02,Kudosoft,Ubisoft,"Action, Adventure, Parkour, Platformer, Classic, Third Person, Singleplayer, Time Manipulation, Puzzle Platformer, Story Rich, Time Travel, Fantasy, Great Soundtrack, Atmospheric, Hack and Slash, 3D Platformer, Controller, Puzzle, Retro, Action-Adventure",0.0,False,,
Transport Fever 2,,,,,,,,https://store.steampowered.com/app/1066780,"P1,100.00",0%,Very Positive,267,2019-12-11,Urban Games,Good Shepherd Entertainment,"Simulation, Strategy, Management, Transportation, Trains, City Builder, Economy, Sandbox, Building, Singleplayer, Realistic, Moddable, Open World, Resource Management, Flight, Casual, Indie, Games Workshop, Naval, Mod",0.0,False,,
Medieval: Total War™ - Collection,,,,,,,,https://store.steampowered.com/app/345260,P330.95,0%,Mixed,15,2002-08-20,CREATIVE ASSEMBLY,SEGA,"Strategy, Action, Medieval, Historical, Turn-Based Strategy, RTS, Classic, Grand Strategy, Turn-Based, Singleplayer, Atmospheric, Great Soundtrack, Tactical",0.0,False,,
